Id,Longitude,Latitude,Accuracy,TimeStamp,Date,DateTime,IsGPSOn,BatLevel,Provider,Bearing,DeviceTime,RepId
2,80.10066,6.13852,20,1745945204989,29/04/2025 12:00:00 AM,29/04/2025 4:46:45 PM,True,55,network,0,29/04/2025 10:16:45 PM,373
3,80.10074,6.13848,13,1745945209823,29/04/2025 12:00:00 AM,29/04/2025 4:46:50 PM,True,55,gps,309.6,29/04/2025 10:16:48 PM,373
4,80.10079,6.13856,3.5,1745945264000,29/04/2025 12:00:00 AM,29/04/2025 4:47:44 PM,True,55,gps,311.1,29/04/2025 10:17:42 PM,373
5,80.10079,6.13847,4.5,1745945308000,29/04/2025 12:00:00 AM,29/04/2025 4:48:28 PM,True,55,gps,220.7,29/04/2025 10:18:26 PM,373
6,80.1008,6.13848,6.5,1745945509281,29/04/2025 12:00:00 AM,29/04/2025 4:51:49 PM,True,55,gps,300.2,29/04/2025 10:21:47 PM,373
7,80.1008,6.1385,4.5,1745945808933,29/04/2025 12:00:00 AM,29/04/2025 4:56:49 PM,True,55,gps,0,29/04/2025 10:26:47 PM,373
8,80.10079,6.1385,4.5,1745946109000,29/04/2025 12:00:00 AM,29/04/2025 5:01:49 PM,True,55,gps,264.3,29/04/2025 10:31:47 PM,373
9,80.10065,6.13852,118.175,1745946404930,29/04/2025 12:00:00 AM,29/04/2025 5:06:45 PM,True,55,network,0,29/04/2025 10:36:44 PM,373
10,80.1008,6.1385,7,1745946409473,29/04/2025 12:00:00 AM,29/04/2025 5:06:49 PM,True,55,gps,0,29/04/2025 10:36:47 PM,373
11,80.10066,6.13851,106.842,1745946704880,29/04/2025 12:00:00 AM,29/04/2025 5:11:45 PM,True,55,network,0,29/04/2025 10:41:44 PM,373
12,80.1008,6.13846,11.5,1745946709357,29/04/2025 12:00:00 AM,29/04/2025 5:11:49 PM,True,55,gps,264.4,29/04/2025 10:41:47 PM,373
13,80.10066,6.13851,97.273,1745947004984,29/04/2025 12:00:00 AM,29/04/2025 5:16:45 PM,True,55,network,0,29/04/2025 10:46:45 PM,373
14,80.1008,6.13846,11.5,1745947009698,29/04/2025 12:00:00 AM,29/04/2025 5:16:50 PM,True,55,gps,0,29/04/2025 10:46:47 PM,373
15,80.10072,6.13851,5,1745947219000,29/04/2025 12:00:00 AM,29/04/2025 5:20:19 PM,True,55,gps,269.7,29/04/2025 10:50:17 PM,373
16,80.10072,6.13844,11.5,1745947309842,29/04/2025 12:00:00 AM,29/04/2025 5:21:50 PM,True,55,gps,254,29/04/2025 10:51:48 PM,373
17,80.10066,6.13851,76.371,1745947604934,29/04/2025 12:00:00 AM,29/04/2025 5:26:45 PM,True,55,network,0,29/04/2025 10:56:44 PM,373
18,80.10078,6.13846,8,1745947609770,29/04/2025 12:00:00 AM,29/04/2025 5:26:50 PM,True,55,gps,92.6,29/04/2025 10:56:47 PM,373
19,80.10066,6.13851,67.642,1745947904918,29/04/2025 12:00:00 AM,29/04/2025 5:31:45 PM,True,55,network,0,29/04/2025 11:01:44 PM,373
20,80.10076,6.13841,7,1745947909586,29/04/2025 12:00:00 AM,29/04/2025 5:31:50 PM,True,55,gps,230.9,29/04/2025 11:01:48 PM,373
21,80.10066,6.13851,56.19,1745948204885,29/04/2025 12:00:00 AM,29/04/2025 5:36:45 PM,True,55,network,0,29/04/2025 11:06:44 PM,373
22,80.10073,6.13848,13.5,1745948209761,29/04/2025 12:00:00 AM,29/04/2025 5:36:50 PM,True,55,gps,0,29/04/2025 11:06:47 PM,373
23,80.10082,6.13848,3.5,1745948342000,29/04/2025 12:00:00 AM,29/04/2025 5:39:02 PM,True,55,gps,265.2,29/04/2025 11:09:00 PM,373
24,80.10066,6.13852,45.97,1745948504890,29/04/2025 12:00:00 AM,29/04/2025 5:41:45 PM,True,55,network,0,29/04/2025 11:11:44 PM,373
25,80.10085,6.13848,9.5,1745948509960,29/04/2025 12:00:00 AM,29/04/2025 5:41:50 PM,True,55,gps,0,29/04/2025 11:11:48 PM,373
26,80.10066,6.13851,37.115,1745948804892,29/04/2025 12:00:00 AM,29/04/2025 5:46:45 PM,True,55,network,0,29/04/2025 11:16:44 PM,373
27,80.10085,6.13851,7,1745948809470,29/04/2025 12:00:00 AM,29/04/2025 5:46:49 PM,True,55,gps,0,29/04/2025 11:16:47 PM,373
28,80.10068,6.13852,32.831,1745949104875,29/04/2025 12:00:00 AM,29/04/2025 5:51:45 PM,True,55,network,0,29/04/2025 11:21:44 PM,373
29,80.1008,6.13845,4,1745949109000,29/04/2025 12:00:00 AM,29/04/2025 5:51:49 PM,True,55,gps,225.9,29/04/2025 11:21:47 PM,373
30,80.10067,6.13852,21.806,1745949404839,29/04/2025 12:00:00 AM,29/04/2025 5:56:45 PM,True,55,network,0,29/04/2025 11:26:44 PM,373
31,80.10078,6.13842,3.5,1745949408904,29/04/2025 12:00:00 AM,29/04/2025 5:56:49 PM,True,55,gps,0,29/04/2025 11:26:47 PM,373
32,80.10085,6.13849,6,1745949677000,29/04/2025 12:00:00 AM,29/04/2025 6:01:17 PM,True,55,gps,51.7,29/04/2025 11:31:16 PM,373
33,80.10079,6.1384,10,1745949686000,29/04/2025 12:00:00 AM,29/04/2025 6:01:26 PM,True,55,gps,0,29/04/2025 11:31:25 PM,373
34,80.10077,6.13849,4.5,1745949705000,29/04/2025 12:00:00 AM,29/04/2025 6:01:45 PM,True,55,gps,338.2,29/04/2025 11:31:44 PM,373
35,80.10077,6.13848,5,1745949708208,29/04/2025 12:00:00 AM,29/04/2025 6:01:48 PM,True,55,gps,14.8,29/04/2025 11:31:47 PM,373
36,80.1007,6.13842,27.14,1745949847205,29/04/2025 12:00:00 AM,29/04/2025 6:04:07 PM,True,55,network,0,29/04/2025 11:34:07 PM,373
37,80.10068,6.13852,22.832,1745949867569,29/04/2025 12:00:00 AM,29/04/2025 6:04:28 PM,True,55,network,0,29/04/2025 11:34:27 PM,373
38,80.10067,6.13852,21.664,1745950008475,29/04/2025 12:00:00 AM,29/04/2025 6:06:48 PM,True,55,network,0,29/04/2025 11:36:48 PM,373
39,80.10083,6.13845,5.5,1745950187000,29/04/2025 12:00:00 AM,29/04/2025 6:09:47 PM,True,55,gps,107.6,29/04/2025 11:39:46 PM,373
40,80.10082,6.13844,5.5,1745950308000,29/04/2025 12:00:00 AM,29/04/2025 6:11:48 PM,True,55,gps,135.2,29/04/2025 11:41:47 PM,373
41,80.10075,6.1385,5.5,1745950388000,29/04/2025 12:00:00 AM,29/04/2025 6:13:08 PM,True,55,gps,327.8,29/04/2025 11:43:07 PM,373
42,80.10083,6.13844,5,1745950422000,29/04/2025 12:00:00 AM,29/04/2025 6:13:42 PM,True,55,gps,127.5,29/04/2025 11:43:41 PM,373
43,80.10066,6.13851,122.596,1745950604880,29/04/2025 12:00:00 AM,29/04/2025 6:16:45 PM,True,55,network,0,29/04/2025 11:46:44 PM,373
44,80.10082,6.13846,5.5,1745950608199,29/04/2025 12:00:00 AM,29/04/2025 6:16:48 PM,True,55,gps,0,29/04/2025 11:46:47 PM,373
45,80.10068,6.13852,119.075,1745950904876,29/04/2025 12:00:00 AM,29/04/2025 6:21:45 PM,True,55,network,0,29/04/2025 11:51:44 PM,373
46,80.10081,6.13844,4,1745950908180,29/04/2025 12:00:00 AM,29/04/2025 6:21:48 PM,True,55,gps,0,29/04/2025 11:51:47 PM,373
47,80.10066,6.13851,20,1745950992076,29/04/2025 12:00:00 AM,29/04/2025 6:23:12 PM,True,55,network,0,29/04/2025 11:53:12 PM,373
48,80.10066,6.13851,109.726,1745951204880,29/04/2025 12:00:00 AM,29/04/2025 6:26:45 PM,True,55,network,0,29/04/2025 11:56:44 PM,373
49,80.10075,6.13843,5,1745951208202,29/04/2025 12:00:00 AM,29/04/2025 6:26:48 PM,True,55,gps,250.7,29/04/2025 11:56:47 PM,373
50,80.10084,6.13842,5.5,1745951270000,29/04/2025 12:00:00 AM,29/04/2025 6:27:50 PM,True,55,gps,83.4,29/04/2025 11:57:49 PM,373
51,80.10075,6.13844,6.5,1745951309000,29/04/2025 12:00:00 AM,29/04/2025 6:28:29 PM,True,55,gps,274,29/04/2025 11:58:28 PM,373
52,80.10084,6.13841,6,1745951446000,30/04/2025 12:00:00 AM,29/04/2025 6:30:46 PM,True,55,gps,158.4,30/04/2025 12:00:45 AM,373
53,80.10084,6.13841,9.5,1745951509017,30/04/2025 12:00:00 AM,29/04/2025 6:31:49 PM,True,55,gps,233,30/04/2025 12:01:47 AM,373
54,80.10074,6.13837,7.5,1745951630000,30/04/2025 12:00:00 AM,29/04/2025 6:33:50 PM,True,55,gps,0,30/04/2025 12:03:49 AM,373
55,80.10068,6.13851,97.14001,1745951804898,30/04/2025 12:00:00 AM,29/04/2025 6:36:45 PM,True,55,network,0,30/04/2025 12:06:44 AM,373
56,80.10079,6.13839,5.5,1745951808442,30/04/2025 12:00:00 AM,29/04/2025 6:36:48 PM,True,55,gps,258,30/04/2025 12:06:47 AM,373
57,80.10066,6.13851,82.194,1745952104902,30/04/2025 12:00:00 AM,29/04/2025 6:41:45 PM,True,55,network,0,30/04/2025 12:11:44 AM,373
58,80.10079,6.13841,6,1745952108208,30/04/2025 12:00:00 AM,29/04/2025 6:41:48 PM,True,55,gps,190.4,30/04/2025 12:11:47 AM,373
59,80.10066,6.13851,75.923,1745952404885,30/04/2025 12:00:00 AM,29/04/2025 6:46:45 PM,True,55,network,0,30/04/2025 12:16:44 AM,373
60,80.10084,6.13839,9.5,1745952408444,30/04/2025 12:00:00 AM,29/04/2025 6:46:48 PM,True,55,gps,125,30/04/2025 12:16:47 AM,373
61,80.10079,6.13846,5.5,1745952535000,30/04/2025 12:00:00 AM,29/04/2025 6:48:55 PM,True,55,gps,0.6,30/04/2025 12:18:53 AM,373
62,80.1008,6.13836,6,1745952566000,30/04/2025 12:00:00 AM,29/04/2025 6:49:26 PM,True,55,gps,178.3,30/04/2025 12:19:25 AM,373
63,80.10066,6.13851,65.309,1745952704924,30/04/2025 12:00:00 AM,29/04/2025 6:51:45 PM,True,55,network,0,30/04/2025 12:21:44 AM,373
64,80.10077,6.1384,5.5,1745952708241,30/04/2025 12:00:00 AM,29/04/2025 6:51:48 PM,True,55,gps,0,30/04/2025 12:21:47 AM,373
65,80.10066,6.13851,57.475,1745953004892,30/04/2025 12:00:00 AM,29/04/2025 6:56:45 PM,True,55,network,0,30/04/2025 12:26:44 AM,373
66,80.10077,6.13835,7,1745953008805,30/04/2025 12:00:00 AM,29/04/2025 6:56:49 PM,True,55,gps,261.9,30/04/2025 12:26:47 AM,373
67,80.10066,6.13851,52.137,1745953304893,30/04/2025 12:00:00 AM,29/04/2025 7:01:45 PM,True,55,network,0,30/04/2025 12:31:44 AM,373
68,80.10077,6.13842,4,1745953308232,30/04/2025 12:00:00 AM,29/04/2025 7:01:48 PM,True,55,gps,291.4,30/04/2025 12:31:47 AM,373
69,80.10076,6.13851,6.5,1745953483000,30/04/2025 12:00:00 AM,29/04/2025 7:04:43 PM,True,55,gps,0,30/04/2025 12:34:41 AM,373
70,80.10079,6.13842,5.5,1745953580000,30/04/2025 12:00:00 AM,29/04/2025 7:06:20 PM,True,55,gps,273.3,30/04/2025 12:36:18 AM,373
71,80.10079,6.13838,14.5,1745953608941,30/04/2025 12:00:00 AM,29/04/2025 7:06:49 PM,True,55,gps,298.7,30/04/2025 12:36:47 AM,373
72,80.10082,6.13843,3,1745953906000,30/04/2025 12:00:00 AM,29/04/2025 7:11:46 PM,True,55,gps,0,30/04/2025 12:41:45 AM,373
73,80.10066,6.13852,93.33901,1745954204970,30/04/2025 12:00:00 AM,29/04/2025 7:16:45 PM,True,55,network,0,30/04/2025 12:46:45 AM,373
74,80.10081,6.13839,10.5,1745954208545,30/04/2025 12:00:00 AM,29/04/2025 7:16:49 PM,True,55,gps,185.5,30/04/2025 12:46:47 AM,373
75,80.10068,6.13852,86.462,1745954504954,30/04/2025 12:00:00 AM,29/04/2025 7:21:45 PM,True,55,network,0,30/04/2025 12:51:45 AM,373
76,80.10076,6.13844,10.5,1745954508838,30/04/2025 12:00:00 AM,29/04/2025 7:21:49 PM,True,55,gps,282.6,30/04/2025 12:51:47 AM,373
77,80.10069,6.13851,79.028,1745954804942,30/04/2025 12:00:00 AM,29/04/2025 7:26:45 PM,True,55,network,0,30/04/2025 12:56:44 AM,373
78,80.1008,6.13842,4.5,1745954808299,30/04/2025 12:00:00 AM,29/04/2025 7:26:48 PM,True,55,gps,282.7,30/04/2025 12:56:47 AM,373
79,80.10066,6.13851,64.201,1745955104871,30/04/2025 12:00:00 AM,29/04/2025 7:31:45 PM,True,55,network,0,30/04/2025 1:01:44 AM,373
80,80.10077,6.13842,3.5,1745955108205,30/04/2025 12:00:00 AM,29/04/2025 7:31:48 PM,True,55,gps,0,30/04/2025 1:01:47 AM,373
81,80.10085,6.13836,6,1745955393000,30/04/2025 12:00:00 AM,29/04/2025 7:36:33 PM,True,55,gps,212.6,30/04/2025 1:06:32 AM,373
82,80.10085,6.13836,15,1745955408812,30/04/2025 12:00:00 AM,29/04/2025 7:36:49 PM,True,55,gps,0,30/04/2025 1:06:47 AM,373
83,80.1008,6.13843,4.5,1745955569000,30/04/2025 12:00:00 AM,29/04/2025 7:39:29 PM,True,55,gps,358.7,30/04/2025 1:09:27 AM,373
84,80.10066,6.13851,50.527,1745955704941,30/04/2025 12:00:00 AM,29/04/2025 7:41:45 PM,True,55,network,0,30/04/2025 1:11:44 AM,373
85,80.10073,6.13844,10,1745955707777,30/04/2025 12:00:00 AM,29/04/2025 7:41:48 PM,True,55,gps,0,30/04/2025 1:11:46 AM,373
86,80.10068,6.13852,44.247,1745956004908,30/04/2025 12:00:00 AM,29/04/2025 7:46:45 PM,True,55,network,0,30/04/2025 1:16:44 AM,373
87,80.10074,6.13839,5,1745956007678,30/04/2025 12:00:00 AM,29/04/2025 7:46:48 PM,True,55,gps,0,30/04/2025 1:16:46 AM,373
88,80.10084,6.13845,5.5,1745956276000,30/04/2025 12:00:00 AM,29/04/2025 7:51:16 PM,True,55,gps,37.7,30/04/2025 1:21:15 AM,373
89,80.10077,6.13843,8.5,1745956308707,30/04/2025 12:00:00 AM,29/04/2025 7:51:49 PM,True,55,gps,0,30/04/2025 1:21:47 AM,373
90,80.10068,6.1384,5.5,1745956413000,30/04/2025 12:00:00 AM,29/04/2025 7:53:33 PM,True,55,gps,206.2,30/04/2025 1:23:31 AM,373
91,80.10066,6.13851,25.754,1745956604860,30/04/2025 12:00:00 AM,29/04/2025 7:56:45 PM,True,55,network,0,30/04/2025 1:26:44 AM,373
92,80.10069,6.13843,4.5,1745956608691,30/04/2025 12:00:00 AM,29/04/2025 7:56:49 PM,True,55,gps,0,30/04/2025 1:26:47 AM,373
93,80.10068,6.13852,22.317,1745956905161,30/04/2025 12:00:00 AM,29/04/2025 8:01:45 PM,True,55,network,0,30/04/2025 1:31:45 AM,373
94,80.10072,6.13843,7.5,1745956908720,30/04/2025 12:00:00 AM,29/04/2025 8:01:49 PM,True,55,gps,0,30/04/2025 1:31:47 AM,373
95,80.10064,6.13846,5,1745956945000,30/04/2025 12:00:00 AM,29/04/2025 8:02:25 PM,True,55,gps,132.4,30/04/2025 1:32:23 AM,373
96,80.10072,6.1384,5.5,1745957140000,30/04/2025 12:00:00 AM,29/04/2025 8:05:40 PM,True,55,gps,76,30/04/2025 1:35:38 AM,373
97,80.10072,6.1384,9,1745957208712,30/04/2025 12:00:00 AM,29/04/2025 8:06:49 PM,True,55,gps,0,30/04/2025 1:36:47 AM,373
98,80.10079,6.13846,5.5,1745957232000,30/04/2025 12:00:00 AM,29/04/2025 8:07:12 PM,True,55,gps,53.3,30/04/2025 1:37:10 AM,373
99,80.10068,6.1384,7.5,1745957283000,30/04/2025 12:00:00 AM,29/04/2025 8:08:03 PM,True,55,gps,233,30/04/2025 1:38:01 AM,373
100,80.10056,6.13865,38,1745957290041,30/04/2025 12:00:00 AM,29/04/2025 8:08:10 PM,True,55,gps,0,30/04/2025 1:38:08 AM,373
101,80.10081,6.1385,36,1745957292018,30/04/2025 12:00:00 AM,29/04/2025 8:08:12 PM,True,55,gps,0,30/04/2025 1:38:10 AM,373
102,80.10062,6.13844,18,1745957293960,30/04/2025 12:00:00 AM,29/04/2025 8:08:14 PM,True,55,gps,0,30/04/2025 1:38:12 AM,373
103,80.10072,6.13844,7,1745957302000,30/04/2025 12:00:00 AM,29/04/2025 8:08:22 PM,True,55,gps,60.3,30/04/2025 1:38:20 AM,373
104,80.10068,6.13852,22.55,1745957508419,30/04/2025 12:00:00 AM,29/04/2025 8:11:48 PM,True,55,network,0,30/04/2025 1:41:48 AM,373
105,80.10074,6.13841,17.5,1745957509874,30/04/2025 12:00:00 AM,29/04/2025 8:11:50 PM,True,55,gps,168.5,30/04/2025 1:41:48 AM,373
106,80.10074,6.13842,3,1745957806000,30/04/2025 12:00:00 AM,29/04/2025 8:16:46 PM,True,55,gps,0,30/04/2025 1:46:44 AM,373
107,80.10067,6.13852,125.091,1745958104893,30/04/2025 12:00:00 AM,29/04/2025 8:21:45 PM,True,55,network,0,30/04/2025 1:51:44 AM,373
108,80.10074,6.13842,5.5,1745958107889,30/04/2025 12:00:00 AM,29/04/2025 8:21:48 PM,True,55,gps,0,30/04/2025 1:51:46 AM,373
109,80.1007,6.13843,26.659,1745958371377,30/04/2025 12:00:00 AM,29/04/2025 8:26:11 PM,True,55,network,0,30/04/2025 1:56:11 AM,373
110,80.10066,6.13851,16.37,1745958391347,30/04/2025 12:00:00 AM,29/04/2025 8:26:31 PM,True,55,network,0,30/04/2025 1:56:31 AM,373
111,80.10066,6.13851,111.21301,1745958404896,30/04/2025 12:00:00 AM,29/04/2025 8:26:45 PM,True,55,network,0,30/04/2025 1:56:44 AM,373
112,80.10077,6.13841,8,1745958409000,30/04/2025 12:00:00 AM,29/04/2025 8:26:49 PM,True,55,gps,86.3,30/04/2025 1:56:47 AM,373
113,80.10068,6.13839,5.5,1745958444000,30/04/2025 12:00:00 AM,29/04/2025 8:27:24 PM,True,55,gps,254,30/04/2025 1:57:22 AM,373
114,80.10077,6.13839,4.5,1745958511000,30/04/2025 12:00:00 AM,29/04/2025 8:28:31 PM,True,55,gps,114.3,30/04/2025 1:58:29 AM,373
115,80.1007,6.13843,26.837,1745958692269,30/04/2025 12:00:00 AM,29/04/2025 8:31:32 PM,True,55,network,0,30/04/2025 2:01:32 AM,373
116,80.1007,6.13843,114.939,1745958704855,30/04/2025 12:00:00 AM,29/04/2025 8:31:45 PM,True,55,network,0,30/04/2025 2:01:44 AM,373
117,80.10079,6.13839,9,1745958709447,30/04/2025 12:00:00 AM,29/04/2025 8:31:49 PM,True,55,gps,222.9,30/04/2025 2:01:48 AM,373
118,80.10068,6.13852,102.65099,1745959004855,30/04/2025 12:00:00 AM,29/04/2025 8:36:45 PM,True,55,network,0,30/04/2025 2:06:44 AM,373
119,80.10077,6.1384,12.5,1745959009206,30/04/2025 12:00:00 AM,29/04/2025 8:36:49 PM,True,55,gps,40.8,30/04/2025 2:06:48 AM,373
120,80.10068,6.13838,7,1745959056000,30/04/2025 12:00:00 AM,29/04/2025 8:37:36 PM,True,55,gps,255.4,30/04/2025 2:07:34 AM,373
121,80.10066,6.13851,88.96401,1745959304913,30/04/2025 12:00:00 AM,29/04/2025 8:41:45 PM,True,55,network,0,30/04/2025 2:11:44 AM,373
122,80.10073,6.13838,18,1745959308981,30/04/2025 12:00:00 AM,29/04/2025 8:41:49 PM,True,55,gps,0,30/04/2025 2:11:47 AM,373
123,80.10069,6.13847,86.67101,1745959604893,30/04/2025 12:00:00 AM,29/04/2025 8:46:45 PM,True,55,network,0,30/04/2025 2:16:44 AM,373
124,80.10072,6.13844,4.5,1745959608977,30/04/2025 12:00:00 AM,29/04/2025 8:46:49 PM,True,55,gps,0,30/04/2025 2:16:47 AM,373
125,80.10079,6.13838,4,1745959704000,30/04/2025 12:00:00 AM,29/04/2025 8:48:24 PM,True,55,gps,90.3,30/04/2025 2:18:22 AM,373
126,80.10069,6.13834,4.5,1745959727000,30/04/2025 12:00:00 AM,29/04/2025 8:48:47 PM,True,55,gps,211.1,30/04/2025 2:18:46 AM,373
127,80.10073,6.13843,4,1745959855000,30/04/2025 12:00:00 AM,29/04/2025 8:50:55 PM,True,55,gps,2.6,30/04/2025 2:20:54 AM,373
128,80.10075,6.13841,4.5,1745959908977,30/04/2025 12:00:00 AM,29/04/2025 8:51:49 PM,True,55,gps,40.2,30/04/2025 2:21:47 AM,373
129,80.10084,6.13839,3.5,1745960014000,30/04/2025 12:00:00 AM,29/04/2025 8:53:34 PM,True,55,gps,105.6,30/04/2025 2:23:32 AM,373
130,80.10066,6.13851,20,1745960118501,30/04/2025 12:00:00 AM,29/04/2025 8:55:19 PM,True,55,network,0,30/04/2025 2:25:18 AM,373
131,80.10069,6.13847,69.473,1745960204886,30/04/2025 12:00:00 AM,29/04/2025 8:56:45 PM,True,55,network,0,30/04/2025 2:26:44 AM,373
132,80.10078,6.13838,5,1745960208952,30/04/2025 12:00:00 AM,29/04/2025 8:56:49 PM,True,55,gps,88.9,30/04/2025 2:26:47 AM,373
133,80.10066,6.13851,51.918,1745960504894,30/04/2025 12:00:00 AM,29/04/2025 9:01:45 PM,True,55,network,0,30/04/2025 2:31:44 AM,373
134,80.10079,6.13838,8,1745960507656,30/04/2025 12:00:00 AM,29/04/2025 9:01:48 PM,True,55,gps,84.2,30/04/2025 2:31:46 AM,373
135,80.10073,6.13848,15.5,1745960753000,30/04/2025 12:00:00 AM,29/04/2025 9:05:53 PM,True,55,gps,0,30/04/2025 2:35:51 AM,373
136,80.1008,6.1384,10.5,1745960754000,30/04/2025 12:00:00 AM,29/04/2025 9:05:54 PM,True,55,gps,0,30/04/2025 2:35:52 AM,373
137,80.10085,6.13832,5.5,1745960793000,30/04/2025 12:00:00 AM,29/04/2025 9:06:33 PM,True,55,gps,125.8,30/04/2025 2:36:31 AM,373
138,80.10084,6.13835,4.5,1745960808325,30/04/2025 12:00:00 AM,29/04/2025 9:06:48 PM,True,55,gps,0,30/04/2025 2:36:46 AM,373
139,80.10074,6.13836,6,1745960903000,30/04/2025 12:00:00 AM,29/04/2025 9:08:23 PM,True,55,gps,265.1,30/04/2025 2:38:21 AM,373
140,80.10066,6.13852,37.402,1745961104884,30/04/2025 12:00:00 AM,29/04/2025 9:11:45 PM,True,55,network,0,30/04/2025 2:41:44 AM,373
141,80.10077,6.13839,4.5,1745961108773,30/04/2025 12:00:00 AM,29/04/2025 9:11:49 PM,True,55,gps,0,30/04/2025 2:41:47 AM,373
142,80.10067,6.13842,4.5,1745961150000,30/04/2025 12:00:00 AM,29/04/2025 9:12:30 PM,True,55,gps,294.5,30/04/2025 2:42:28 AM,373
143,80.10076,6.13837,4.5,1745961191000,30/04/2025 12:00:00 AM,29/04/2025 9:13:11 PM,True,55,gps,226.8,30/04/2025 2:43:09 AM,373
144,80.10062,6.13842,9.5,1745961312979,30/04/2025 12:00:00 AM,29/04/2025 9:15:13 PM,True,55,gps,0,30/04/2025 2:45:11 AM,373
145,80.10078,6.13837,9.5,1745961313997,30/04/2025 12:00:00 AM,29/04/2025 9:15:14 PM,True,55,gps,0,30/04/2025 2:45:12 AM,373
146,80.10078,6.13839,5,1745961408723,30/04/2025 12:00:00 AM,29/04/2025 9:16:49 PM,True,55,gps,0,30/04/2025 2:46:47 AM,373
147,80.10066,6.13851,17.469,1745961705038,30/04/2025 12:00:00 AM,29/04/2025 9:21:45 PM,True,55,network,0,30/04/2025 2:51:45 AM,373
148,80.10079,6.13836,5,1745961709000,30/04/2025 12:00:00 AM,29/04/2025 9:21:49 PM,True,55,gps,0,30/04/2025 2:51:47 AM,373
149,80.1007,6.13841,27.608,1745961966147,30/04/2025 12:00:00 AM,29/04/2025 9:26:06 PM,True,55,network,0,30/04/2025 2:56:06 AM,373
150,80.10066,6.13851,20.305,1745961986120,30/04/2025 12:00:00 AM,29/04/2025 9:26:26 PM,True,55,network,0,30/04/2025 2:56:26 AM,373
151,80.10067,6.13852,21.117,1745962006410,30/04/2025 12:00:00 AM,29/04/2025 9:26:46 PM,True,55,network,0,30/04/2025 2:56:46 AM,373
152,80.1007,6.13841,6,1745962010000,30/04/2025 12:00:00 AM,29/04/2025 9:26:50 PM,True,55,gps,290.9,30/04/2025 2:56:48 AM,373
153,80.10079,6.13842,6.5,1745962023000,30/04/2025 12:00:00 AM,29/04/2025 9:27:03 PM,True,55,gps,87.2,30/04/2025 2:57:02 AM,373
154,80.10042,6.13812,17,1745962067046,30/04/2025 12:00:00 AM,29/04/2025 9:27:47 PM,True,55,gps,0,30/04/2025 2:57:45 AM,373
155,80.10054,6.13816,7,1745962083000,30/04/2025 12:00:00 AM,29/04/2025 9:28:03 PM,True,55,gps,169.9,30/04/2025 2:58:01 AM,373
156,80.10062,6.1382,5.5,1745962101000,30/04/2025 12:00:00 AM,29/04/2025 9:28:21 PM,True,55,gps,25.8,30/04/2025 2:58:19 AM,373
157,80.10073,6.13819,4.5,1745962129000,30/04/2025 12:00:00 AM,29/04/2025 9:28:49 PM,True,55,gps,75,30/04/2025 2:58:47 AM,373
158,80.10077,6.13829,4.5,1745962156000,30/04/2025 12:00:00 AM,29/04/2025 9:29:16 PM,True,55,gps,322.1,30/04/2025 2:59:14 AM,373
159,80.10071,6.13822,5,1745962160000,30/04/2025 12:00:00 AM,29/04/2025 9:29:20 PM,True,55,gps,213.6,30/04/2025 2:59:18 AM,373
160,80.10063,6.13829,7.5,1745962186000,30/04/2025 12:00:00 AM,29/04/2025 9:29:46 PM,True,55,gps,242.3,30/04/2025 2:59:44 AM,373
161,80.10049,6.13827,7.5,1745962189000,30/04/2025 12:00:00 AM,29/04/2025 9:29:49 PM,True,55,gps,244.4,30/04/2025 2:59:47 AM,373
162,80.10046,6.1384,7.5,1745962199000,30/04/2025 12:00:00 AM,29/04/2025 9:29:59 PM,True,55,gps,331.2,30/04/2025 2:59:57 AM,373
163,80.10047,6.13852,6.5,1745962204000,30/04/2025 12:00:00 AM,29/04/2025 9:30:04 PM,True,55,gps,325.9,30/04/2025 3:00:02 AM,373
164,80.10052,6.13844,7,1745962209000,30/04/2025 12:00:00 AM,29/04/2025 9:30:09 PM,True,55,gps,121.1,30/04/2025 3:00:07 AM,373
165,80.10049,6.13854,7,1745962228000,30/04/2025 12:00:00 AM,29/04/2025 9:30:28 PM,True,55,gps,352,30/04/2025 3:00:26 AM,373
166,80.10046,6.13842,11.5,1745962248000,30/04/2025 12:00:00 AM,29/04/2025 9:30:48 PM,True,55,gps,273.1,30/04/2025 3:00:46 AM,373
167,80.10041,6.13853,8.5,1745962260000,30/04/2025 12:00:00 AM,29/04/2025 9:31:00 PM,True,55,gps,313.4,30/04/2025 3:00:58 AM,373
168,80.10049,6.13846,7.5,1745962267000,30/04/2025 12:00:00 AM,29/04/2025 9:31:07 PM,True,55,gps,252.8,30/04/2025 3:01:05 AM,373
169,80.10058,6.13841,7,1745962271000,30/04/2025 12:00:00 AM,29/04/2025 9:31:11 PM,True,55,gps,115.4,30/04/2025 3:01:09 AM,373
170,80.10055,6.13832,6.5,1745962285000,30/04/2025 12:00:00 AM,29/04/2025 9:31:25 PM,True,55,gps,325.1,30/04/2025 3:01:23 AM,373
171,80.10056,6.13833,6.5,1745962309012,30/04/2025 12:00:00 AM,29/04/2025 9:31:49 PM,True,55,gps,0,30/04/2025 3:01:47 AM,373
172,80.10075,6.13834,19.5,1745962321000,30/04/2025 12:00:00 AM,29/04/2025 9:32:01 PM,True,55,gps,17.7,30/04/2025 3:01:59 AM,373
173,80.10079,6.13825,7,1745962324000,30/04/2025 12:00:00 AM,29/04/2025 9:32:04 PM,True,55,gps,156.6,30/04/2025 3:02:02 AM,373
174,80.10037,6.13819,13,1745962343480,30/04/2025 12:00:00 AM,29/04/2025 9:32:23 PM,True,55,gps,0,30/04/2025 3:02:22 AM,373
175,80.1003,6.13837,11,1745962345343,30/04/2025 12:00:00 AM,29/04/2025 9:32:25 PM,True,55,gps,0,30/04/2025 3:02:24 AM,373
176,80.1004,6.13836,6,1745962349000,30/04/2025 12:00:00 AM,29/04/2025 9:32:29 PM,True,55,gps,5.8,30/04/2025 3:02:27 AM,373
177,80.10052,6.13833,5.5,1745962362000,30/04/2025 12:00:00 AM,29/04/2025 9:32:42 PM,True,55,gps,273.9,30/04/2025 3:02:40 AM,373
178,80.10061,6.13839,5,1745962381000,30/04/2025 12:00:00 AM,29/04/2025 9:33:01 PM,True,55,gps,14.5,30/04/2025 3:02:59 AM,373
179,80.1007,6.13838,5.5,1745962406000,30/04/2025 12:00:00 AM,29/04/2025 9:33:26 PM,True,55,gps,221.6,30/04/2025 3:03:24 AM,373
180,80.10079,6.13837,5,1745962431000,30/04/2025 12:00:00 AM,29/04/2025 9:33:51 PM,True,55,gps,87.5,30/04/2025 3:03:49 AM,373
181,80.10063,6.13835,9.5,1745962600000,30/04/2025 12:00:00 AM,29/04/2025 9:36:40 PM,True,55,gps,0,30/04/2025 3:06:38 AM,373
182,80.10079,6.1384,13,1745962601000,30/04/2025 12:00:00 AM,29/04/2025 9:36:41 PM,True,55,gps,0,30/04/2025 3:06:40 AM,373
183,80.10067,6.13837,12,1745962602000,30/04/2025 12:00:00 AM,29/04/2025 9:36:42 PM,True,55,gps,52.8,30/04/2025 3:06:40 AM,373
184,80.10077,6.13834,7,1745962604000,30/04/2025 12:00:00 AM,29/04/2025 9:36:44 PM,True,55,gps,151.8,30/04/2025 3:06:43 AM,373
185,80.1007,6.13832,6.5,1745962608000,30/04/2025 12:00:00 AM,29/04/2025 9:36:48 PM,True,55,gps,0,30/04/2025 3:06:46 AM,373
186,80.10079,6.13835,6,1745962621000,30/04/2025 12:00:00 AM,29/04/2025 9:37:01 PM,True,55,gps,242,30/04/2025 3:06:59 AM,373
187,80.10078,6.13845,5,1745962796000,30/04/2025 12:00:00 AM,29/04/2025 9:39:56 PM,True,55,gps,341.5,30/04/2025 3:09:54 AM,373
188,80.10078,6.13835,5.5,1745962837000,30/04/2025 12:00:00 AM,29/04/2025 9:40:37 PM,True,55,gps,158.8,30/04/2025 3:10:36 AM,373
189,80.10076,6.13837,5.5,1745962908928,30/04/2025 12:00:00 AM,29/04/2025 9:41:49 PM,True,55,gps,347,30/04/2025 3:11:47 AM,373
190,80.10066,6.1383,9,1745963089000,30/04/2025 12:00:00 AM,29/04/2025 9:44:49 PM,True,55,gps,0,30/04/2025 3:14:47 AM,373
191,80.1007,6.13832,4.5,1745963208150,30/04/2025 12:00:00 AM,29/04/2025 9:46:48 PM,True,55,gps,203.1,30/04/2025 3:16:46 AM,373
192,80.10079,6.13835,4,1745963273000,30/04/2025 12:00:00 AM,29/04/2025 9:47:53 PM,True,55,gps,120,30/04/2025 3:17:51 AM,373
193,80.10069,6.13836,5,1745963490000,30/04/2025 12:00:00 AM,29/04/2025 9:51:30 PM,True,55,gps,243.3,30/04/2025 3:21:28 AM,373
194,80.10065,6.1384,8,1745963509285,30/04/2025 12:00:00 AM,29/04/2025 9:51:49 PM,True,55,gps,256.1,30/04/2025 3:21:47 AM,373
195,80.10075,6.13837,10,1745963540000,30/04/2025 12:00:00 AM,29/04/2025 9:52:20 PM,True,55,gps,279,30/04/2025 3:22:18 AM,373
196,80.1007,6.13841,27.438,1745963793311,30/04/2025 12:00:00 AM,29/04/2025 9:56:33 PM,True,55,network,0,30/04/2025 3:26:33 AM,373
197,80.1007,6.13841,108.50501,1745963804892,30/04/2025 12:00:00 AM,29/04/2025 9:56:45 PM,True,55,network,0,30/04/2025 3:26:44 AM,373
198,80.10064,6.13838,7,1745963809000,30/04/2025 12:00:00 AM,29/04/2025 9:56:49 PM,True,55,gps,250.8,30/04/2025 3:26:47 AM,373
199,80.10068,6.13848,5,1745963911000,30/04/2025 12:00:00 AM,29/04/2025 9:58:31 PM,True,55,gps,334.1,30/04/2025 3:28:29 AM,373
200,80.10075,6.13842,5.5,1745963961000,30/04/2025 12:00:00 AM,29/04/2025 9:59:21 PM,True,55,gps,116.2,30/04/2025 3:29:20 AM,373
201,80.10068,6.13851,95.389,1745964104896,30/04/2025 12:00:00 AM,29/04/2025 10:01:45 PM,True,55,network,0,30/04/2025 3:31:44 AM,373
202,80.10072,6.13839,5.5,1745964108980,30/04/2025 12:00:00 AM,29/04/2025 10:01:49 PM,True,55,gps,272.3,30/04/2025 3:31:47 AM,373
203,80.10071,6.1383,4.5,1745964235000,30/04/2025 12:00:00 AM,29/04/2025 10:03:55 PM,True,55,gps,164.5,30/04/2025 3:33:53 AM,373
204,80.10069,6.13839,4,1745964367000,30/04/2025 12:00:00 AM,29/04/2025 10:06:07 PM,True,55,gps,323.1,30/04/2025 3:36:05 AM,373
205,80.10074,6.13842,7,1745964408247,30/04/2025 12:00:00 AM,29/04/2025 10:06:48 PM,True,55,gps,248.8,30/04/2025 3:36:47 AM,373
206,80.10089,6.13844,10,1745964589000,30/04/2025 12:00:00 AM,29/04/2025 10:09:49 PM,True,55,gps,0,30/04/2025 3:39:48 AM,373
207,80.10079,6.13844,6.5,1745964596000,30/04/2025 12:00:00 AM,29/04/2025 10:09:56 PM,True,55,gps,339.9,30/04/2025 3:39:55 AM,373
208,80.10085,6.13846,5.5,1745964708723,30/04/2025 12:00:00 AM,29/04/2025 10:11:49 PM,True,55,gps,29.7,30/04/2025 3:41:47 AM,373
209,80.10083,6.13837,4.5,1745964756000,30/04/2025 12:00:00 AM,29/04/2025 10:12:36 PM,True,55,gps,165.4,30/04/2025 3:42:34 AM,373
210,80.10091,6.13842,5,1745964917000,30/04/2025 12:00:00 AM,29/04/2025 10:15:17 PM,True,55,gps,43.1,30/04/2025 3:45:15 AM,373
211,80.10082,6.13841,5.5,1745964949000,30/04/2025 12:00:00 AM,29/04/2025 10:15:49 PM,True,55,gps,232.3,30/04/2025 3:45:48 AM,373
212,80.10089,6.13846,7,1745964968000,30/04/2025 12:00:00 AM,29/04/2025 10:16:08 PM,True,55,gps,87.4,30/04/2025 3:46:06 AM,373
213,80.10082,6.1384,5.5,1745964995000,30/04/2025 12:00:00 AM,29/04/2025 10:16:35 PM,True,55,gps,260.1,30/04/2025 3:46:33 AM,373
214,80.10083,6.13842,4.5,1745965007351,30/04/2025 12:00:00 AM,29/04/2025 10:16:47 PM,True,55,gps,0,30/04/2025 3:46:46 AM,373
215,80.10092,6.13845,5.5,1745965054000,30/04/2025 12:00:00 AM,29/04/2025 10:17:34 PM,True,55,gps,57.2,30/04/2025 3:47:32 AM,373
216,80.10087,6.13837,5,1745965119000,30/04/2025 12:00:00 AM,29/04/2025 10:18:39 PM,True,55,gps,201.3,30/04/2025 3:48:37 AM,373
217,80.1009,6.13846,6,1745965264000,30/04/2025 12:00:00 AM,29/04/2025 10:21:04 PM,True,55,gps,24,30/04/2025 3:51:02 AM,373
218,80.10092,6.13847,5.5,1745965308937,30/04/2025 12:00:00 AM,29/04/2025 10:21:49 PM,True,55,gps,23.2,30/04/2025 3:51:47 AM,373
219,80.10087,6.13839,5,1745965343000,30/04/2025 12:00:00 AM,29/04/2025 10:22:23 PM,True,55,gps,217.9,30/04/2025 3:52:22 AM,373
220,80.10098,6.13847,4.5,1745965470000,30/04/2025 12:00:00 AM,29/04/2025 10:24:30 PM,True,55,gps,72.2,30/04/2025 3:54:28 AM,373
221,80.10089,6.13844,5,1745965506000,30/04/2025 12:00:00 AM,29/04/2025 10:25:06 PM,True,55,gps,249.7,30/04/2025 3:55:04 AM,373
222,80.10093,6.13865,10,1745965529000,30/04/2025 12:00:00 AM,29/04/2025 10:25:29 PM,True,55,gps,0,30/04/2025 3:55:27 AM,373
223,80.10086,6.13847,7,1745965530000,30/04/2025 12:00:00 AM,29/04/2025 10:25:30 PM,True,55,gps,0,30/04/2025 3:55:28 AM,373
224,80.10094,6.13853,9,1745965531000,30/04/2025 12:00:00 AM,29/04/2025 10:25:31 PM,True,55,gps,0,30/04/2025 3:55:30 AM,373
225,80.10086,6.13846,9,1745965533000,30/04/2025 12:00:00 AM,29/04/2025 10:25:33 PM,True,55,gps,341,30/04/2025 3:55:32 AM,373
226,80.1008,6.13839,4.5,1745965567000,30/04/2025 12:00:00 AM,29/04/2025 10:26:07 PM,True,55,gps,279.3,30/04/2025 3:56:05 AM,373
227,80.10084,6.13837,4.5,1745965608978,30/04/2025 12:00:00 AM,29/04/2025 10:26:49 PM,True,55,gps,0,30/04/2025 3:56:47 AM,373
228,80.10081,6.13849,25.5,1745965701000,30/04/2025 12:00:00 AM,29/04/2025 10:28:21 PM,True,55,gps,0,30/04/2025 3:58:20 AM,373
229,80.10082,6.13839,13.5,1745965702000,30/04/2025 12:00:00 AM,29/04/2025 10:28:22 PM,True,55,gps,0.9,30/04/2025 3:58:21 AM,373
230,80.10076,6.13831,6.5,1745965871000,30/04/2025 12:00:00 AM,29/04/2025 10:31:11 PM,True,55,gps,187.2,30/04/2025 4:01:09 AM,373
231,80.10077,6.13838,5,1745965908735,30/04/2025 12:00:00 AM,29/04/2025 10:31:49 PM,True,55,gps,0,30/04/2025 4:01:47 AM,373
232,80.10067,6.13852,33.017,1745966204909,30/04/2025 12:00:00 AM,29/04/2025 10:36:45 PM,True,55,network,0,30/04/2025 4:06:44 AM,373
233,80.10077,6.13838,3.5,1745966208746,30/04/2025 12:00:00 AM,29/04/2025 10:36:49 PM,True,55,gps,0,30/04/2025 4:06:47 AM,373
234,80.10066,6.13851,20,1745966505318,30/04/2025 12:00:00 AM,29/04/2025 10:41:45 PM,True,55,network,0,30/04/2025 4:11:45 AM,373
235,80.10079,6.13838,5.5,1745966508726,30/04/2025 12:00:00 AM,29/04/2025 10:41:49 PM,True,55,gps,101.7,30/04/2025 4:11:47 AM,373
236,80.10082,6.13848,5,1745966638000,30/04/2025 12:00:00 AM,29/04/2025 10:43:58 PM,True,55,gps,16.2,30/04/2025 4:13:56 AM,373
237,80.1008,6.13838,5,1745966648000,30/04/2025 12:00:00 AM,29/04/2025 10:44:08 PM,True,55,gps,0,30/04/2025 4:14:06 AM,373
238,80.1009,6.13835,5.5,1745966662000,30/04/2025 12:00:00 AM,29/04/2025 10:44:22 PM,True,55,gps,113.4,30/04/2025 4:14:20 AM,373
239,80.10081,6.13831,5,1745966701000,30/04/2025 12:00:00 AM,29/04/2025 10:45:01 PM,True,55,gps,213.7,30/04/2025 4:14:59 AM,373
240,80.10074,6.13838,5,1745966728000,30/04/2025 12:00:00 AM,29/04/2025 10:45:28 PM,True,55,gps,280.8,30/04/2025 4:15:27 AM,373
241,80.10084,6.13841,6.5,1745966782000,30/04/2025 12:00:00 AM,29/04/2025 10:46:22 PM,True,55,gps,58.6,30/04/2025 4:16:20 AM,373
242,80.10081,6.13837,7,1745966809000,30/04/2025 12:00:00 AM,29/04/2025 10:46:49 PM,True,55,gps,184.7,30/04/2025 4:16:47 AM,373
243,80.10089,6.13845,5,1745966842000,30/04/2025 12:00:00 AM,29/04/2025 10:47:22 PM,True,55,gps,66.4,30/04/2025 4:17:20 AM,373
244,80.10078,6.13847,6,1745966883000,30/04/2025 12:00:00 AM,29/04/2025 10:48:03 PM,True,55,gps,262.8,30/04/2025 4:18:01 AM,373
245,80.10083,6.13839,5.5,1745966929000,30/04/2025 12:00:00 AM,29/04/2025 10:48:49 PM,True,55,gps,174.1,30/04/2025 4:18:47 AM,373
246,80.10092,6.13835,5,1745966999000,30/04/2025 12:00:00 AM,29/04/2025 10:49:59 PM,True,55,gps,93.2,30/04/2025 4:19:57 AM,373
247,80.10084,6.1384,5,1745967052000,30/04/2025 12:00:00 AM,29/04/2025 10:50:52 PM,True,55,gps,0,30/04/2025 4:20:50 AM,373
248,80.10089,6.13837,7,1745967108964,30/04/2025 12:00:00 AM,29/04/2025 10:51:49 PM,True,55,gps,151.5,30/04/2025 4:21:47 AM,373
249,80.10089,6.13846,7,1745967124000,30/04/2025 12:00:00 AM,29/04/2025 10:52:04 PM,True,55,gps,9.7,30/04/2025 4:22:02 AM,373
250,80.10033,6.13815,16.5,1745967139000,30/04/2025 12:00:00 AM,29/04/2025 10:52:19 PM,True,55,gps,0,30/04/2025 4:22:17 AM,373
251,80.10082,6.13842,10.5,1745967140000,30/04/2025 12:00:00 AM,29/04/2025 10:52:20 PM,True,55,gps,0,30/04/2025 4:22:18 AM,373
252,80.10091,6.13839,5.5,1745967149000,30/04/2025 12:00:00 AM,29/04/2025 10:52:29 PM,True,55,gps,81.8,30/04/2025 4:22:27 AM,373
253,80.10084,6.13834,6.5,1745967161000,30/04/2025 12:00:00 AM,29/04/2025 10:52:41 PM,True,55,gps,272,30/04/2025 4:22:39 AM,373
254,80.10092,6.13839,6.5,1745967181000,30/04/2025 12:00:00 AM,29/04/2025 10:53:01 PM,True,55,gps,52.5,30/04/2025 4:22:59 AM,373
255,80.10085,6.13834,5.5,1745967261000,30/04/2025 12:00:00 AM,29/04/2025 10:54:21 PM,True,55,gps,208.7,30/04/2025 4:24:19 AM,373
256,80.10079,6.13836,7.5,1745967409000,30/04/2025 12:00:00 AM,29/04/2025 10:56:49 PM,True,55,gps,332.1,30/04/2025 4:26:47 AM,373
257,80.10089,6.13837,6,1745967687000,30/04/2025 12:00:00 AM,29/04/2025 11:01:27 PM,True,55,gps,94.6,30/04/2025 4:31:25 AM,373
258,80.1008,6.13837,5.5,1745967700000,30/04/2025 12:00:00 AM,29/04/2025 11:01:40 PM,True,55,gps,277.6,30/04/2025 4:31:38 AM,373
259,80.1008,6.13838,5.5,1745967708742,30/04/2025 12:00:00 AM,29/04/2025 11:01:49 PM,True,55,gps,288.9,30/04/2025 4:31:47 AM,373
260,80.10083,6.13829,4.5,1745967726000,30/04/2025 12:00:00 AM,29/04/2025 11:02:06 PM,True,55,gps,184.7,30/04/2025 4:32:04 AM,373
261,80.10081,6.13837,5.5,1745967791000,30/04/2025 12:00:00 AM,29/04/2025 11:03:11 PM,True,55,gps,278.3,30/04/2025 4:33:09 AM,373
262,80.1009,6.13838,5.5,1745967941000,30/04/2025 12:00:00 AM,29/04/2025 11:05:41 PM,True,55,gps,113.2,30/04/2025 4:35:40 AM,373
263,80.10081,6.13841,5,1745967984000,30/04/2025 12:00:00 AM,29/04/2025 11:06:24 PM,True,55,gps,275.8,30/04/2025 4:36:22 AM,373
264,80.1008,6.13837,6,1745968008965,30/04/2025 12:00:00 AM,29/04/2025 11:06:49 PM,True,55,gps,246.7,30/04/2025 4:36:47 AM,373
265,80.10067,6.13852,111.925,1745968304911,30/04/2025 12:00:00 AM,29/04/2025 11:11:45 PM,True,55,network,0,30/04/2025 4:41:44 AM,373
266,80.10086,6.1384,5.5,1745968309000,30/04/2025 12:00:00 AM,29/04/2025 11:11:49 PM,True,55,gps,287.3,30/04/2025 4:41:47 AM,373
267,80.10077,6.13837,5,1745968591000,30/04/2025 12:00:00 AM,29/04/2025 11:16:31 PM,True,55,gps,199.7,30/04/2025 4:46:29 AM,373
268,80.10078,6.13838,6.5,1745968608982,30/04/2025 12:00:00 AM,29/04/2025 11:16:49 PM,True,55,gps,47.4,30/04/2025 4:46:47 AM,373
269,80.10084,6.13845,3.5,1745968742000,30/04/2025 12:00:00 AM,29/04/2025 11:19:02 PM,True,55,gps,61.6,30/04/2025 4:49:00 AM,373
270,80.10082,6.13836,5,1745968794000,30/04/2025 12:00:00 AM,29/04/2025 11:19:54 PM,True,55,gps,203.3,30/04/2025 4:49:53 AM,373
271,80.10086,6.13844,4,1745968870000,30/04/2025 12:00:00 AM,29/04/2025 11:21:10 PM,True,55,gps,7.2,30/04/2025 4:51:08 AM,373
272,80.10088,6.13841,4,1745968908000,30/04/2025 12:00:00 AM,29/04/2025 11:21:48 PM,True,55,gps,0,30/04/2025 4:51:46 AM,373
273,80.10066,6.13852,78.99,1745969204914,30/04/2025 12:00:00 AM,29/04/2025 11:26:45 PM,True,55,network,0,30/04/2025 4:56:44 AM,373
274,80.10085,6.1384,7,1745969209292,30/04/2025 12:00:00 AM,29/04/2025 11:26:49 PM,True,55,gps,0,30/04/2025 4:56:48 AM,373
275,80.10079,6.13847,3.5,1745969422000,30/04/2025 12:00:00 AM,29/04/2025 11:30:22 PM,True,55,gps,313.2,30/04/2025 5:00:20 AM,373
276,80.1008,6.13841,4.5,1745969508275,30/04/2025 12:00:00 AM,29/04/2025 11:31:48 PM,True,55,gps,126.2,30/04/2025 5:01:47 AM,373
277,80.10066,6.13852,66.935,1745969804904,30/04/2025 12:00:00 AM,29/04/2025 11:36:45 PM,True,55,network,0,30/04/2025 5:06:44 AM,373
278,80.1008,6.13844,4.5,1745969808865,30/04/2025 12:00:00 AM,29/04/2025 11:36:49 PM,True,55,gps,0,30/04/2025 5:06:47 AM,373
279,80.10072,6.1384,15.5,1745970047000,30/04/2025 12:00:00 AM,29/04/2025 11:40:47 PM,True,55,gps,0,30/04/2025 5:10:45 AM,373
280,80.10079,6.13844,4.5,1745970072000,30/04/2025 12:00:00 AM,29/04/2025 11:41:12 PM,True,55,gps,67.8,30/04/2025 5:11:10 AM,373
281,80.10075,6.13845,4.5,1745970108881,30/04/2025 12:00:00 AM,29/04/2025 11:41:49 PM,True,55,gps,330.9,30/04/2025 5:11:47 AM,373
282,80.10066,6.13852,52.522,1745970404918,30/04/2025 12:00:00 AM,29/04/2025 11:46:45 PM,True,55,network,0,30/04/2025 5:16:44 AM,373
283,80.10078,6.13845,4.5,1745970409005,30/04/2025 12:00:00 AM,29/04/2025 11:46:49 PM,True,55,gps,0,30/04/2025 5:16:47 AM,373
284,80.10085,6.13838,4.5,1745970508000,30/04/2025 12:00:00 AM,29/04/2025 11:48:28 PM,True,55,gps,133.4,30/04/2025 5:18:26 AM,373
285,80.1008,6.13845,4,1745970517000,30/04/2025 12:00:00 AM,29/04/2025 11:48:37 PM,True,55,gps,18.2,30/04/2025 5:18:36 AM,373
286,80.10067,6.13852,45.211,1745970704939,30/04/2025 12:00:00 AM,29/04/2025 11:51:45 PM,True,55,network,0,30/04/2025 5:21:44 AM,373
287,80.10078,6.13844,4.5,1745970709027,30/04/2025 12:00:00 AM,29/04/2025 11:51:49 PM,True,55,gps,283.1,30/04/2025 5:21:47 AM,373
288,80.10066,6.13851,33.013,1745971004867,30/04/2025 12:00:00 AM,29/04/2025 11:56:45 PM,True,55,network,0,30/04/2025 5:26:44 AM,373
289,80.1008,6.13841,5,1745971008572,30/04/2025 12:00:00 AM,29/04/2025 11:56:49 PM,True,55,gps,0,30/04/2025 5:26:47 AM,373
290,80.10066,6.13852,26.342,1745971305179,30/04/2025 12:00:00 AM,30/04/2025 12:01:45 AM,True,55,network,0,30/04/2025 5:31:45 AM,373
291,80.10082,6.13842,4,1745971309027,30/04/2025 12:00:00 AM,30/04/2025 12:01:49 AM,True,55,gps,14.1,30/04/2025 5:31:47 AM,373
292,80.10066,6.13851,16.872,1745971605214,30/04/2025 12:00:00 AM,30/04/2025 12:06:45 AM,True,55,network,0,30/04/2025 5:36:45 AM,373
293,80.10077,6.13844,5,1745971608947,30/04/2025 12:00:00 AM,30/04/2025 12:06:49 AM,True,55,gps,0,30/04/2025 5:36:47 AM,373
294,80.10078,6.13834,4.5,1745971756000,30/04/2025 12:00:00 AM,30/04/2025 12:09:16 AM,True,55,gps,190.4,30/04/2025 5:39:14 AM,373
295,80.10085,6.13841,5,1745971787000,30/04/2025 12:00:00 AM,30/04/2025 12:09:47 AM,True,55,gps,305.7,30/04/2025 5:39:45 AM,373
296,80.10081,6.13833,4,1745971823000,30/04/2025 12:00:00 AM,30/04/2025 12:10:23 AM,True,55,gps,212.1,30/04/2025 5:40:21 AM,373
297,80.10088,6.13839,4,1745971843000,30/04/2025 12:00:00 AM,30/04/2025 12:10:43 AM,True,55,gps,108.6,30/04/2025 5:40:41 AM,373
298,80.10078,6.13842,4,1745971884000,30/04/2025 12:00:00 AM,30/04/2025 12:11:24 AM,True,55,gps,256.2,30/04/2025 5:41:22 AM,373
299,80.10077,6.13846,5.5,1745971908949,30/04/2025 12:00:00 AM,30/04/2025 12:11:49 AM,True,55,gps,277.5,30/04/2025 5:41:47 AM,373
300,80.10085,6.1384,4,1745972126000,30/04/2025 12:00:00 AM,30/04/2025 12:15:26 AM,True,55,gps,131.8,30/04/2025 5:45:24 AM,373
301,80.10057,6.13825,35.5,1745972135000,30/04/2025 12:00:00 AM,30/04/2025 12:15:35 AM,True,55,gps,0,30/04/2025 5:45:33 AM,373
302,80.10086,6.1384,9.5,1745972136000,30/04/2025 12:00:00 AM,30/04/2025 12:15:36 AM,True,55,gps,0,30/04/2025 5:45:34 AM,373
303,80.1008,6.13836,4.5,1745972208893,30/04/2025 12:00:00 AM,30/04/2025 12:16:49 AM,True,55,gps,0,30/04/2025 5:46:47 AM,373
304,80.10089,6.13837,4,1745972279000,30/04/2025 12:00:00 AM,30/04/2025 12:17:59 AM,True,55,gps,138.1,30/04/2025 5:47:57 AM,373
305,80.10079,6.13843,10,1745972361000,30/04/2025 12:00:00 AM,30/04/2025 12:19:21 AM,True,55,gps,0,30/04/2025 5:49:19 AM,373
306,80.10068,6.13852,126.577,1745972504903,30/04/2025 12:00:00 AM,30/04/2025 12:21:45 AM,True,55,network,0,30/04/2025 5:51:44 AM,373
307,80.10077,6.13845,5.5,1745972508320,30/04/2025 12:00:00 AM,30/04/2025 12:21:48 AM,True,55,gps,0,30/04/2025 5:51:47 AM,373
308,80.10085,6.13841,5.5,1745972548000,30/04/2025 12:00:00 AM,30/04/2025 12:22:28 AM,True,55,gps,114.1,30/04/2025 5:52:26 AM,373
309,80.10066,6.13852,115.017,1745972804908,30/04/2025 12:00:00 AM,30/04/2025 12:26:45 AM,True,55,network,0,30/04/2025 5:56:44 AM,373
310,80.10081,6.1384,6.5,1745972809007,30/04/2025 12:00:00 AM,30/04/2025 12:26:49 AM,True,55,gps,105.2,30/04/2025 5:56:47 AM,373
311,80.10068,6.13852,114.08,1745973104915,30/04/2025 12:00:00 AM,30/04/2025 12:31:45 AM,True,55,network,0,30/04/2025 6:01:44 AM,373
312,80.1008,6.13841,5,1745973108385,30/04/2025 12:00:00 AM,30/04/2025 12:31:48 AM,True,55,gps,0,30/04/2025 6:01:47 AM,373
313,80.10067,6.13852,104.51,1745973404907,30/04/2025 12:00:00 AM,30/04/2025 12:36:45 AM,True,55,network,0,30/04/2025 6:06:44 AM,373
314,80.10076,6.13838,6.5,1745973408021,30/04/2025 12:00:00 AM,30/04/2025 12:36:48 AM,True,55,gps,229.9,30/04/2025 6:06:46 AM,373
315,80.10082,6.13845,5,1745973573000,30/04/2025 12:00:00 AM,30/04/2025 12:39:33 AM,True,55,gps,227.4,30/04/2025 6:09:31 AM,373
316,80.10066,6.13851,93.231,1745973704896,30/04/2025 12:00:00 AM,30/04/2025 12:41:45 AM,True,55,network,0,30/04/2025 6:11:44 AM,373
317,80.10076,6.13847,5,1745973708930,30/04/2025 12:00:00 AM,30/04/2025 12:41:49 AM,True,55,gps,0,30/04/2025 6:11:47 AM,373
318,80.10066,6.13851,87.61,1745974004920,30/04/2025 12:00:00 AM,30/04/2025 12:46:45 AM,True,55,network,0,30/04/2025 6:16:44 AM,373
319,80.1008,6.13846,4.5,1745974008967,30/04/2025 12:00:00 AM,30/04/2025 12:46:49 AM,True,55,gps,18.2,30/04/2025 6:16:47 AM,373
320,80.10072,6.1384,5,1745974032000,30/04/2025 12:00:00 AM,30/04/2025 12:47:12 AM,True,55,gps,225.7,30/04/2025 6:17:10 AM,373
321,80.10082,6.1384,5,1745974064000,30/04/2025 12:00:00 AM,30/04/2025 12:47:44 AM,True,55,gps,116,30/04/2025 6:17:42 AM,373
322,80.10083,6.1385,5.5,1745974122000,30/04/2025 12:00:00 AM,30/04/2025 12:48:42 AM,True,55,gps,66.3,30/04/2025 6:18:40 AM,373
323,80.10065,6.13852,81.32,1745974304923,30/04/2025 12:00:00 AM,30/04/2025 12:51:45 AM,True,55,network,0,30/04/2025 6:21:44 AM,373
324,80.10083,6.13841,5,1745974308003,30/04/2025 12:00:00 AM,30/04/2025 12:51:48 AM,True,55,gps,0,30/04/2025 6:21:46 AM,373
325,80.10083,6.13864,16.5,1745974430000,30/04/2025 12:00:00 AM,30/04/2025 12:53:50 AM,True,55,gps,0,30/04/2025 6:23:48 AM,373
326,80.10077,6.13843,7.5,1745974431000,30/04/2025 12:00:00 AM,30/04/2025 12:53:51 AM,True,55,gps,0,30/04/2025 6:23:49 AM,373
327,80.10066,6.13851,73.907,1745974604907,30/04/2025 12:00:00 AM,30/04/2025 12:56:45 AM,True,55,network,0,30/04/2025 6:26:44 AM,373
328,80.10083,6.13844,5,1745974607972,30/04/2025 12:00:00 AM,30/04/2025 12:56:48 AM,True,55,gps,0,30/04/2025 6:26:46 AM,373
329,80.10067,6.13852,67.321,1745974904904,30/04/2025 12:00:00 AM,30/04/2025 1:01:45 AM,True,55,network,0,30/04/2025 6:31:44 AM,373
330,80.10083,6.1384,5,1745974909004,30/04/2025 12:00:00 AM,30/04/2025 1:01:49 AM,True,55,gps,173.2,30/04/2025 6:31:47 AM,373
331,80.10066,6.13851,57.247,1745975204894,30/04/2025 12:00:00 AM,30/04/2025 1:06:45 AM,True,55,network,0,30/04/2025 6:36:44 AM,373
332,80.1008,6.13841,5,1745975208727,30/04/2025 12:00:00 AM,30/04/2025 1:06:49 AM,True,55,gps,25,30/04/2025 6:36:47 AM,373
333,80.10067,6.13852,52.993,1745975504917,30/04/2025 12:00:00 AM,30/04/2025 1:11:45 AM,True,55,network,0,30/04/2025 6:41:44 AM,373
334,80.10081,6.13843,4,1745975508937,30/04/2025 12:00:00 AM,30/04/2025 1:11:49 AM,True,55,gps,207.5,30/04/2025 6:41:47 AM,373
335,80.10085,6.13853,4,1745975654000,30/04/2025 12:00:00 AM,30/04/2025 1:14:14 AM,True,55,gps,10.8,30/04/2025 6:44:12 AM,373
336,80.10082,6.13844,3.5,1745975665000,30/04/2025 12:00:00 AM,30/04/2025 1:14:25 AM,True,55,gps,187.2,30/04/2025 6:44:23 AM,373
337,80.10067,6.13852,45.365,1745975804908,30/04/2025 12:00:00 AM,30/04/2025 1:16:45 AM,True,55,network,0,30/04/2025 6:46:44 AM,373
338,80.10081,6.13845,4.5,1745975808992,30/04/2025 12:00:00 AM,30/04/2025 1:16:49 AM,True,55,gps,0,30/04/2025 6:46:47 AM,373
339,80.10089,6.1384,4,1745975916000,30/04/2025 12:00:00 AM,30/04/2025 1:18:36 AM,True,55,gps,121.9,30/04/2025 6:48:34 AM,373
340,80.10077,6.13844,10.5,1745975985000,30/04/2025 12:00:00 AM,30/04/2025 1:19:45 AM,True,55,gps,0,30/04/2025 6:49:43 AM,373
341,80.10084,6.13856,13.5,1745976085000,30/04/2025 12:00:00 AM,30/04/2025 1:21:25 AM,True,55,gps,0,30/04/2025 6:51:23 AM,373
342,80.10081,6.13847,6.5,1745976090000,30/04/2025 12:00:00 AM,30/04/2025 1:21:30 AM,True,55,gps,252.6,30/04/2025 6:51:28 AM,373
343,80.1008,6.13847,5.5,1745976108411,30/04/2025 12:00:00 AM,30/04/2025 1:21:48 AM,True,55,gps,241.2,30/04/2025 6:51:47 AM,373
344,80.1007,6.13842,27.667,1745976343936,30/04/2025 12:00:00 AM,30/04/2025 1:25:44 AM,True,55,network,0,30/04/2025 6:55:44 AM,373
345,80.1007,6.13843,5,1745976363000,30/04/2025 12:00:00 AM,30/04/2025 1:26:03 AM,True,55,gps,240,30/04/2025 6:56:01 AM,373
346,80.10067,6.13852,26.819,1745976404901,30/04/2025 12:00:00 AM,30/04/2025 1:26:45 AM,True,55,network,0,30/04/2025 6:56:44 AM,373
347,80.10078,6.13841,5,1745976409214,30/04/2025 12:00:00 AM,30/04/2025 1:26:49 AM,True,55,gps,0,30/04/2025 6:56:47 AM,373
348,80.10084,6.13849,6,1745976486000,30/04/2025 12:00:00 AM,30/04/2025 1:28:06 AM,True,55,gps,282.8,30/04/2025 6:58:04 AM,373
349,80.10082,6.13839,6,1745976656000,30/04/2025 12:00:00 AM,30/04/2025 1:30:56 AM,True,55,gps,195.2,30/04/2025 7:00:54 AM,373
350,80.10082,6.13841,5,1745976709101,30/04/2025 12:00:00 AM,30/04/2025 1:31:49 AM,True,55,gps,219.5,30/04/2025 7:01:47 AM,373
351,80.10071,6.13849,12,1745976740000,30/04/2025 12:00:00 AM,30/04/2025 1:32:20 AM,True,55,gps,0,30/04/2025 7:02:18 AM,373
352,80.10078,6.13843,4.5,1745976778000,30/04/2025 12:00:00 AM,30/04/2025 1:32:58 AM,True,55,gps,269.7,30/04/2025 7:02:56 AM,373
353,80.10065,6.13852,20,1745977007408,30/04/2025 12:00:00 AM,30/04/2025 1:36:47 AM,True,55,network,0,30/04/2025 7:06:47 AM,373
354,80.10086,6.13841,5,1745977008980,30/04/2025 12:00:00 AM,30/04/2025 1:36:49 AM,True,55,gps,0,30/04/2025 7:06:47 AM,373
355,80.10074,6.13833,11,1745977045000,30/04/2025 12:00:00 AM,30/04/2025 1:37:25 AM,True,55,gps,0,30/04/2025 7:07:23 AM,373
356,80.10083,6.13841,8,1745977046000,30/04/2025 12:00:00 AM,30/04/2025 1:37:26 AM,True,55,gps,0,30/04/2025 7:07:24 AM,373
357,80.10077,6.13848,4.5,1745977184000,30/04/2025 12:00:00 AM,30/04/2025 1:39:44 AM,True,55,gps,221.3,30/04/2025 7:09:42 AM,373
358,80.10085,6.13843,4.5,1745977246000,30/04/2025 12:00:00 AM,30/04/2025 1:40:46 AM,True,55,gps,140.7,30/04/2025 7:10:44 AM,373
359,80.10085,6.13847,4.5,1745977309006,30/04/2025 12:00:00 AM,30/04/2025 1:41:49 AM,True,55,gps,0,30/04/2025 7:11:47 AM,373
360,80.10075,6.13852,5.5,1745977470000,30/04/2025 12:00:00 AM,30/04/2025 1:44:30 AM,True,55,gps,274.1,30/04/2025 7:14:28 AM,373
361,80.10085,6.13853,5.5,1745977528000,30/04/2025 12:00:00 AM,30/04/2025 1:45:28 AM,True,55,gps,108.5,30/04/2025 7:15:27 AM,373
362,80.10075,6.13854,4.5,1745977634000,30/04/2025 12:00:00 AM,30/04/2025 1:47:14 AM,True,55,gps,325.1,30/04/2025 7:17:12 AM,373
363,80.10079,6.13851,6,1745977669000,30/04/2025 12:00:00 AM,30/04/2025 1:47:49 AM,True,55,gps,354.5,30/04/2025 7:17:47 AM,373
364,80.10071,6.13859,3.5,1745977683000,30/04/2025 12:00:00 AM,30/04/2025 1:48:03 AM,True,55,gps,342.1,30/04/2025 7:18:01 AM,373
365,80.10068,6.13871,3.5,1745977686000,30/04/2025 12:00:00 AM,30/04/2025 1:48:06 AM,True,55,gps,355.3,30/04/2025 7:18:04 AM,373
366,80.10068,6.13884,3,1745977688000,30/04/2025 12:00:00 AM,30/04/2025 1:48:08 AM,True,55,gps,1.4,30/04/2025 7:18:06 AM,373
367,80.10068,6.13898,3.5,1745977690000,30/04/2025 12:00:00 AM,30/04/2025 1:48:10 AM,True,55,gps,359.9,30/04/2025 7:18:08 AM,373
368,80.10069,6.13913,3.5,1745977692000,30/04/2025 12:00:00 AM,30/04/2025 1:48:12 AM,True,55,gps,0.7,30/04/2025 7:18:10 AM,373
369,80.10068,6.13927,3.5,1745977694000,30/04/2025 12:00:00 AM,30/04/2025 1:48:14 AM,True,55,gps,359.4,30/04/2025 7:18:12 AM,373
370,80.10067,6.13938,3.5,1745977696000,30/04/2025 12:00:00 AM,30/04/2025 1:48:16 AM,True,55,gps,340.1,30/04/2025 7:18:14 AM,373
371,80.10061,6.13945,3.5,1745977700000,30/04/2025 12:00:00 AM,30/04/2025 1:48:20 AM,True,55,gps,278.3,30/04/2025 7:18:18 AM,373
372,80.10051,6.13942,3,1745977703000,30/04/2025 12:00:00 AM,30/04/2025 1:48:23 AM,True,55,gps,259.9,30/04/2025 7:18:21 AM,373
373,80.1004,6.13939,3.5,1745977708000,30/04/2025 12:00:00 AM,30/04/2025 1:48:28 AM,True,55,gps,268.3,30/04/2025 7:18:26 AM,373
374,80.1003,6.1394,3.5,1745977713000,30/04/2025 12:00:00 AM,30/04/2025 1:48:33 AM,True,55,gps,278.3,30/04/2025 7:18:31 AM,373
375,80.10017,6.13942,3,1745977716000,30/04/2025 12:00:00 AM,30/04/2025 1:48:36 AM,True,55,gps,285.8,30/04/2025 7:18:35 AM,373
376,80.10007,6.13946,3.5,1745977718000,30/04/2025 12:00:00 AM,30/04/2025 1:48:38 AM,True,55,gps,286.7,30/04/2025 7:18:36 AM,373
377,80.09996,6.13948,4,1745977720000,30/04/2025 12:00:00 AM,30/04/2025 1:48:40 AM,True,55,gps,282.1,30/04/2025 7:18:38 AM,373
378,80.09985,6.13951,4,1745977723000,30/04/2025 12:00:00 AM,30/04/2025 1:48:43 AM,True,55,gps,296.5,30/04/2025 7:18:41 AM,373
379,80.0998,6.13958,3,1745977727000,30/04/2025 12:00:00 AM,30/04/2025 1:48:47 AM,True,55,gps,2.5,30/04/2025 7:18:45 AM,373
380,80.09978,6.13972,3,1745977730000,30/04/2025 12:00:00 AM,30/04/2025 1:48:50 AM,True,55,gps,14.8,30/04/2025 7:18:49 AM,373
381,80.09981,6.13984,3,1745977732000,30/04/2025 12:00:00 AM,30/04/2025 1:48:52 AM,True,55,gps,17.2,30/04/2025 7:18:51 AM,373
382,80.09984,6.13997,2.5,1745977734000,30/04/2025 12:00:00 AM,30/04/2025 1:48:54 AM,True,55,gps,14.9,30/04/2025 7:18:52 AM,373
383,80.09986,6.14012,2.5,1745977736000,30/04/2025 12:00:00 AM,30/04/2025 1:48:56 AM,True,55,gps,3.3,30/04/2025 7:18:55 AM,373
384,80.09984,6.14027,2.5,1745977738000,30/04/2025 12:00:00 AM,30/04/2025 1:48:58 AM,True,55,gps,351.2,30/04/2025 7:18:57 AM,373
385,80.09981,6.14041,2.5,1745977740000,30/04/2025 12:00:00 AM,30/04/2025 1:49:00 AM,True,55,gps,343.8,30/04/2025 7:18:59 AM,373
386,80.09978,6.14052,2.5,1745977742000,30/04/2025 12:00:00 AM,30/04/2025 1:49:02 AM,True,55,gps,347.8,30/04/2025 7:19:01 AM,373
387,80.09975,6.14064,3,1745977744000,30/04/2025 12:00:00 AM,30/04/2025 1:49:04 AM,True,55,gps,347.9,30/04/2025 7:19:02 AM,373
388,80.09971,6.14077,3,1745977746000,30/04/2025 12:00:00 AM,30/04/2025 1:49:06 AM,True,55,gps,345.7,30/04/2025 7:19:05 AM,373
389,80.09968,6.14092,3,1745977748000,30/04/2025 12:00:00 AM,30/04/2025 1:49:08 AM,True,55,gps,345.5,30/04/2025 7:19:07 AM,373
390,80.09964,6.14108,3,1745977750000,30/04/2025 12:00:00 AM,30/04/2025 1:49:10 AM,True,55,gps,347.7,30/04/2025 7:19:09 AM,373
391,80.09961,6.14124,3,1745977752000,30/04/2025 12:00:00 AM,30/04/2025 1:49:12 AM,True,55,gps,348.3,30/04/2025 7:19:11 AM,373
392,80.09958,6.14141,2.5,1745977754000,30/04/2025 12:00:00 AM,30/04/2025 1:49:14 AM,True,55,gps,353.3,30/04/2025 7:19:13 AM,373
393,80.09958,6.14158,2.5,1745977756000,30/04/2025 12:00:00 AM,30/04/2025 1:49:16 AM,True,55,gps,6,30/04/2025 7:19:15 AM,373
394,80.09962,6.14172,2.5,1745977758000,30/04/2025 12:00:00 AM,30/04/2025 1:49:18 AM,True,55,gps,11.6,30/04/2025 7:19:17 AM,373
395,80.09967,6.14184,2.5,1745977760000,30/04/2025 12:00:00 AM,30/04/2025 1:49:20 AM,True,55,gps,15.8,30/04/2025 7:19:19 AM,373
396,80.09972,6.14193,2.5,1745977762000,30/04/2025 12:00:00 AM,30/04/2025 1:49:22 AM,True,55,gps,36.8,30/04/2025 7:19:21 AM,373
397,80.09978,6.142,2.5,1745977765000,30/04/2025 12:00:00 AM,30/04/2025 1:49:25 AM,True,55,gps,55.9,30/04/2025 7:19:24 AM,373
398,80.09988,6.142,3,1745977768000,30/04/2025 12:00:00 AM,30/04/2025 1:49:28 AM,True,55,gps,99.4,30/04/2025 7:19:27 AM,373
399,80.09997,6.142,4,1745977771000,30/04/2025 12:00:00 AM,30/04/2025 1:49:31 AM,True,55,gps,84.6,30/04/2025 7:19:30 AM,373
400,80.10006,6.14203,6,1745977835000,30/04/2025 12:00:00 AM,30/04/2025 1:50:35 AM,True,55,gps,0,30/04/2025 7:20:33 AM,373
401,80.10016,6.142,4.5,1745977869000,30/04/2025 12:00:00 AM,30/04/2025 1:51:09 AM,True,55,gps,99.7,30/04/2025 7:21:07 AM,373
402,80.1015,6.14726,2299.999,1745977923753,30/04/2025 12:00:00 AM,30/04/2025 1:52:04 AM,True,55,network,0,30/04/2025 7:22:04 AM,373
403,80.10019,6.14209,4,1745977979000,30/04/2025 12:00:00 AM,30/04/2025 1:52:59 AM,True,55,gps,3.9,30/04/2025 7:22:57 AM,373
404,80.10019,6.1422,3.5,1745977990000,30/04/2025 12:00:00 AM,30/04/2025 1:53:10 AM,True,55,gps,5.8,30/04/2025 7:23:08 AM,373
405,80.10019,6.1423,3.5,1745978002000,30/04/2025 12:00:00 AM,30/04/2025 1:53:22 AM,True,55,gps,9.3,30/04/2025 7:23:20 AM,373
406,80.10015,6.14238,4.5,1745978024000,30/04/2025 12:00:00 AM,30/04/2025 1:53:44 AM,True,55,gps,0,30/04/2025 7:23:42 AM,373
407,80.10014,6.14238,14.5,1745978029349,30/04/2025 12:00:00 AM,30/04/2025 1:53:49 AM,True,55,gps,19.9,30/04/2025 7:23:47 AM,373
408,80.10019,6.14247,5,1745978052000,30/04/2025 12:00:00 AM,30/04/2025 1:54:12 AM,True,55,gps,39.1,30/04/2025 7:24:10 AM,373
409,80.10016,6.14257,4,1745978058000,30/04/2025 12:00:00 AM,30/04/2025 1:54:18 AM,True,55,gps,345.9,30/04/2025 7:24:16 AM,373
410,80.10017,6.14267,3.5,1745978065000,30/04/2025 12:00:00 AM,30/04/2025 1:54:25 AM,True,55,gps,0.1,30/04/2025 7:24:23 AM,373
411,80.10015,6.14287,24.5,1745978096000,30/04/2025 12:00:00 AM,30/04/2025 1:54:56 AM,True,55,gps,353.1,30/04/2025 7:24:54 AM,373
412,80.10013,6.14297,18,1745978103000,30/04/2025 12:00:00 AM,30/04/2025 1:55:03 AM,True,55,gps,351.6,30/04/2025 7:25:01 AM,373
413,80.10013,6.14286,19,1745978112000,30/04/2025 12:00:00 AM,30/04/2025 1:55:12 AM,True,55,gps,160.6,30/04/2025 7:25:10 AM,373
414,80.10015,6.14276,19,1745978114000,30/04/2025 12:00:00 AM,30/04/2025 1:55:14 AM,True,55,gps,181.5,30/04/2025 7:25:12 AM,373
415,80.10017,6.14264,18,1745978116000,30/04/2025 12:00:00 AM,30/04/2025 1:55:16 AM,True,55,gps,183.1,30/04/2025 7:25:14 AM,373
416,80.10019,6.14252,19.5,1745978119000,30/04/2025 12:00:00 AM,30/04/2025 1:55:19 AM,True,55,gps,178.2,30/04/2025 7:25:17 AM,373
417,80.10022,6.14244,19,1745978122000,30/04/2025 12:00:00 AM,30/04/2025 1:55:22 AM,True,55,gps,161.2,30/04/2025 7:25:20 AM,373
418,80.1002,6.14256,22.5,1745978132000,30/04/2025 12:00:00 AM,30/04/2025 1:55:32 AM,True,55,gps,335,30/04/2025 7:25:30 AM,373
419,80.10011,6.14264,21,1745978135000,30/04/2025 12:00:00 AM,30/04/2025 1:55:35 AM,True,55,gps,283.9,30/04/2025 7:25:33 AM,373
420,80.10004,6.1427,21,1745978142000,30/04/2025 12:00:00 AM,30/04/2025 1:55:42 AM,True,55,gps,234.8,30/04/2025 7:25:40 AM,373
421,80.10011,6.14275,15,1745978175000,30/04/2025 12:00:00 AM,30/04/2025 1:56:15 AM,True,55,gps,73.4,30/04/2025 7:26:13 AM,373
422,80.10019,6.1427,16.5,1745978184000,30/04/2025 12:00:00 AM,30/04/2025 1:56:24 AM,True,55,gps,146.7,30/04/2025 7:26:22 AM,373
423,80.10115,6.13973,2200,1745978205666,30/04/2025 12:00:00 AM,30/04/2025 1:56:46 AM,True,55,network,0,30/04/2025 7:26:46 AM,373
424,80.1001,6.14268,17,1745978217000,30/04/2025 12:00:00 AM,30/04/2025 1:56:57 AM,True,55,gps,245.6,30/04/2025 7:26:55 AM,373
425,80.10019,6.14269,12.5,1745978264000,30/04/2025 12:00:00 AM,30/04/2025 1:57:44 AM,True,55,gps,304.5,30/04/2025 7:27:42 AM,373
426,80.10115,6.13973,2200,1745978285883,30/04/2025 12:00:00 AM,30/04/2025 1:58:06 AM,True,55,network,0,30/04/2025 7:28:07 AM,373
427,80.10018,6.14258,20.5,1745978312000,30/04/2025 12:00:00 AM,30/04/2025 1:58:32 AM,True,55,gps,191.2,30/04/2025 7:28:30 AM,373
428,80.10009,6.14251,38,1745978326000,30/04/2025 12:00:00 AM,30/04/2025 1:58:46 AM,True,55,gps,226.4,30/04/2025 7:28:44 AM,373
429,80.10013,6.14267,30.5,1745978331000,30/04/2025 12:00:00 AM,30/04/2025 1:58:51 AM,True,55,gps,26,30/04/2025 7:28:49 AM,373
430,80.10015,6.14277,25,1745978332000,30/04/2025 12:00:00 AM,30/04/2025 1:58:52 AM,True,55,gps,19.3,30/04/2025 7:28:50 AM,373
431,80.10016,6.1429,22,1745978334000,30/04/2025 12:00:00 AM,30/04/2025 1:58:54 AM,True,55,gps,8.6,30/04/2025 7:28:52 AM,373
432,80.10017,6.143,21,1745978336000,30/04/2025 12:00:00 AM,30/04/2025 1:58:56 AM,True,55,gps,355.9,30/04/2025 7:28:54 AM,373
433,80.10013,6.14313,19,1745978339000,30/04/2025 12:00:00 AM,30/04/2025 1:58:59 AM,True,55,gps,333.7,30/04/2025 7:28:57 AM,373
434,80.10007,6.14322,18,1745978341000,30/04/2025 12:00:00 AM,30/04/2025 1:59:01 AM,True,55,gps,330.5,30/04/2025 7:28:59 AM,373
435,80.10001,6.14341,18.5,1745978346000,30/04/2025 12:00:00 AM,30/04/2025 1:59:06 AM,True,55,gps,351,30/04/2025 7:29:04 AM,373
436,80.10006,6.1435,18,1745978349000,30/04/2025 12:00:00 AM,30/04/2025 1:59:09 AM,True,55,gps,12.5,30/04/2025 7:29:07 AM,373
437,80.10011,6.1436,21.5,1745978352000,30/04/2025 12:00:00 AM,30/04/2025 1:59:12 AM,True,55,gps,5.4,30/04/2025 7:29:10 AM,373
438,80.10012,6.1437,20.5,1745978354000,30/04/2025 12:00:00 AM,30/04/2025 1:59:14 AM,True,55,gps,1,30/04/2025 7:29:12 AM,373
439,80.10012,6.14385,17.5,1745978356000,30/04/2025 12:00:00 AM,30/04/2025 1:59:16 AM,True,55,gps,354.8,30/04/2025 7:29:14 AM,373
440,80.1001,6.144,18,1745978358000,30/04/2025 12:00:00 AM,30/04/2025 1:59:18 AM,True,55,gps,354.1,30/04/2025 7:29:16 AM,373
441,80.10007,6.14408,18,1745978359000,30/04/2025 12:00:00 AM,30/04/2025 1:59:19 AM,True,55,gps,350.3,30/04/2025 7:29:17 AM,373
442,80.10006,6.14431,22,1745978362000,30/04/2025 12:00:00 AM,30/04/2025 1:59:22 AM,True,55,gps,347.7,30/04/2025 7:29:20 AM,373
443,80.10006,6.14442,21,1745978363000,30/04/2025 12:00:00 AM,30/04/2025 1:59:23 AM,True,55,gps,5.3,30/04/2025 7:29:21 AM,373
444,80.10006,6.14453,20.5,1745978364000,30/04/2025 12:00:00 AM,30/04/2025 1:59:24 AM,True,55,gps,1.9,30/04/2025 7:29:22 AM,373
445,80.10009,6.14467,24,1745978366000,30/04/2025 12:00:00 AM,30/04/2025 1:59:26 AM,True,55,gps,1.3,30/04/2025 7:29:24 AM,373
446,80.10009,6.14477,24.5,1745978367000,30/04/2025 12:00:00 AM,30/04/2025 1:59:27 AM,True,55,gps,1.4,30/04/2025 7:29:25 AM,373
447,80.10008,6.14486,27,1745978368000,30/04/2025 12:00:00 AM,30/04/2025 1:59:28 AM,True,55,gps,1,30/04/2025 7:29:26 AM,373
448,80.10007,6.14496,29,1745978369000,30/04/2025 12:00:00 AM,30/04/2025 1:59:29 AM,True,55,gps,359.9,30/04/2025 7:29:27 AM,373
449,80.10004,6.1451,26.5,1745978370000,30/04/2025 12:00:00 AM,30/04/2025 1:59:30 AM,True,55,gps,357.5,30/04/2025 7:29:28 AM,373
450,80.10002,6.14535,25.5,1745978372000,30/04/2025 12:00:00 AM,30/04/2025 1:59:32 AM,True,55,gps,356.4,30/04/2025 7:29:30 AM,373
451,80.10002,6.14551,32,1745978373000,30/04/2025 12:00:00 AM,30/04/2025 1:59:33 AM,True,55,gps,356.1,30/04/2025 7:29:31 AM,373
452,80.10003,6.14574,40,1745978375000,30/04/2025 12:00:00 AM,30/04/2025 1:59:35 AM,True,55,gps,0.1,30/04/2025 7:29:33 AM,373
453,80.10006,6.14596,43,1745978377000,30/04/2025 12:00:00 AM,30/04/2025 1:59:37 AM,True,55,gps,1.9,30/04/2025 7:29:35 AM,373
454,80.09986,6.1484,39,1745978395947,30/04/2025 12:00:00 AM,30/04/2025 1:59:56 AM,True,55,gps,359.2,30/04/2025 7:29:54 AM,373
455,80.06433,6.20501,28.5,1745978781000,30/04/2025 12:00:00 AM,30/04/2025 2:06:21 AM,True,55,gps,346.4,30/04/2025 7:36:20 AM,373
456,80.05514,6.23385,87.6,1745978958595,30/04/2025 12:00:00 AM,30/04/2025 2:09:19 AM,True,55,network,0,30/04/2025 7:39:18 AM,373
457,80.05502,6.236,87.6,1745979018918,30/04/2025 12:00:00 AM,30/04/2025 2:10:19 AM,True,55,network,0,30/04/2025 7:40:19 AM,373
458,80.05527,6.23702,110,1745979078871,30/04/2025 12:00:00 AM,30/04/2025 2:11:19 AM,True,55,network,0,30/04/2025 7:41:18 AM,373
459,80.05239,6.25179,77.6,1745979207925,30/04/2025 12:00:00 AM,30/04/2025 2:13:28 AM,True,55,network,0,30/04/2025 7:43:28 AM,373
460,80.04683,6.26685,68.4,1745979308132,30/04/2025 12:00:00 AM,30/04/2025 2:15:08 AM,True,55,network,0,30/04/2025 7:45:08 AM,373
461,80.04278,6.2749,98.4,1745979368335,30/04/2025 12:00:00 AM,30/04/2025 2:16:08 AM,True,55,network,0,30/04/2025 7:46:08 AM,373
462,80.04414,6.27781,68.4,1745979388379,30/04/2025 12:00:00 AM,30/04/2025 2:16:28 AM,True,55,network,0,30/04/2025 7:46:28 AM,373
463,80.04374,6.28862,98.4,1745979448539,30/04/2025 12:00:00 AM,30/04/2025 2:17:29 AM,True,55,network,0,30/04/2025 7:47:28 AM,373
464,80.04275,6.28086,82.5,1745979710185,30/04/2025 12:00:00 AM,30/04/2025 2:21:50 AM,True,55,network,0,30/04/2025 7:51:50 AM,373
465,80.00684,6.39634,104.1,1745980287603,30/04/2025 12:00:00 AM,30/04/2025 2:31:28 AM,True,55,network,0,30/04/2025 8:01:27 AM,373
466,80.0057,6.39891,92.9,1745980387933,30/04/2025 12:00:00 AM,30/04/2025 2:33:08 AM,True,55,network,0,30/04/2025 8:03:08 AM,373
467,80.00546,6.39975,42.5,1745980407867,30/04/2025 12:00:00 AM,30/04/2025 2:33:28 AM,True,55,network,0,30/04/2025 8:03:27 AM,373
468,80.00033,6.4109,52.4,1745980508148,30/04/2025 12:00:00 AM,30/04/2025 2:35:08 AM,True,55,network,0,30/04/2025 8:05:08 AM,373
469,79.99725,6.41823,98.4,1745980567468,30/04/2025 12:00:00 AM,30/04/2025 2:36:07 AM,True,55,network,0,30/04/2025 8:06:07 AM,373
470,79.99691,6.42077,42.5,1745980587625,30/04/2025 12:00:00 AM,30/04/2025 2:36:28 AM,True,55,network,0,30/04/2025 8:06:27 AM,373
471,79.99757,6.42536,104.1,1745980627678,30/04/2025 12:00:00 AM,30/04/2025 2:37:08 AM,True,55,network,0,30/04/2025 8:07:07 AM,373
472,80.0001,6.43299,9.5,1745980754000,30/04/2025 12:00:00 AM,30/04/2025 2:39:14 AM,True,55,gps,0,30/04/2025 8:09:12 AM,373
473,80.0002,6.43292,9.5,1745980755000,30/04/2025 12:00:00 AM,30/04/2025 2:39:15 AM,True,55,gps,0,30/04/2025 8:09:13 AM,373
474,80.00011,6.43296,24.5,1745980757000,30/04/2025 12:00:00 AM,30/04/2025 2:39:17 AM,True,55,gps,330.6,30/04/2025 8:09:15 AM,373
475,79.9093,6.71105,1500,1745983404161,30/04/2025 12:00:00 AM,30/04/2025 3:23:24 AM,True,55,network,0,30/04/2025 8:57:27 AM,373
476,79.90545,6.71526,1799.999,1745983646242,30/04/2025 12:00:00 AM,30/04/2025 3:27:26 AM,True,55,network,0,30/04/2025 8:57:27 AM,373
477,79.90457,6.71271,37,1745983657367,30/04/2025 12:00:00 AM,30/04/2025 3:27:37 AM,True,55,gps,0,30/04/2025 8:57:35 AM,373
478,79.90465,6.71277,10.5,1745983660000,30/04/2025 12:00:00 AM,30/04/2025 3:27:40 AM,True,55,gps,178,30/04/2025 8:57:38 AM,373
479,79.90461,6.71269,4,1745983668000,30/04/2025 12:00:00 AM,30/04/2025 3:27:48 AM,True,55,gps,201.3,30/04/2025 8:57:46 AM,373
480,79.90459,6.71259,4,1745983689000,30/04/2025 12:00:00 AM,30/04/2025 3:28:09 AM,True,55,gps,188.3,30/04/2025 8:58:07 AM,373
481,79.90458,6.71249,4,1745983699000,30/04/2025 12:00:00 AM,30/04/2025 3:28:19 AM,True,55,gps,0,30/04/2025 8:58:17 AM,373
482,79.90458,6.7124,3.5,1745983706000,30/04/2025 12:00:00 AM,30/04/2025 3:28:26 AM,True,55,gps,189.2,30/04/2025 8:58:24 AM,373
483,79.9046,6.7123,4,1745983717000,30/04/2025 12:00:00 AM,30/04/2025 3:28:37 AM,True,55,gps,148.5,30/04/2025 8:58:35 AM,373
484,79.9046,6.71221,3.5,1745983724000,30/04/2025 12:00:00 AM,30/04/2025 3:28:44 AM,True,55,gps,162.6,30/04/2025 8:58:42 AM,373
485,79.9046,6.71211,3.5,1745983732000,30/04/2025 12:00:00 AM,30/04/2025 3:28:52 AM,True,55,gps,0,30/04/2025 8:58:50 AM,373
486,79.90468,6.71206,4.5,1745983742000,30/04/2025 12:00:00 AM,30/04/2025 3:29:02 AM,True,55,gps,119.8,30/04/2025 8:59:00 AM,373
487,79.90477,6.71206,4.5,1745983749000,30/04/2025 12:00:00 AM,30/04/2025 3:29:09 AM,True,55,gps,0,30/04/2025 8:59:07 AM,373
488,79.90486,6.71209,6,1745983764000,30/04/2025 12:00:00 AM,30/04/2025 3:29:24 AM,True,55,gps,0,30/04/2025 8:59:22 AM,373
489,79.90494,6.71212,4.5,1745983773000,30/04/2025 12:00:00 AM,30/04/2025 3:29:33 AM,True,55,gps,140.3,30/04/2025 8:59:31 AM,373
490,79.90499,6.71204,2.5,1745983781000,30/04/2025 12:00:00 AM,30/04/2025 3:29:41 AM,True,55,gps,147.2,30/04/2025 8:59:39 AM,373
491,79.90505,6.71197,3,1745983789000,30/04/2025 12:00:00 AM,30/04/2025 3:29:49 AM,True,55,gps,144.4,30/04/2025 8:59:47 AM,373
492,79.90515,6.71193,3.5,1745983796000,30/04/2025 12:00:00 AM,30/04/2025 3:29:56 AM,True,55,gps,73.2,30/04/2025 8:59:54 AM,373
493,79.90524,6.71194,3,1745983803000,30/04/2025 12:00:00 AM,30/04/2025 3:30:03 AM,True,55,gps,79.3,30/04/2025 9:00:01 AM,373
494,79.90534,6.71196,3.5,1745983809000,30/04/2025 12:00:00 AM,30/04/2025 3:30:09 AM,True,55,gps,77.1,30/04/2025 9:00:07 AM,373
495,79.90544,6.71197,3.5,1745983816000,30/04/2025 12:00:00 AM,30/04/2025 3:30:16 AM,True,55,gps,79.2,30/04/2025 9:00:14 AM,373
496,79.90553,6.71199,3,1745983823000,30/04/2025 12:00:00 AM,30/04/2025 3:30:23 AM,True,55,gps,76.3,30/04/2025 9:00:21 AM,373
497,79.90562,6.71201,2.5,1745983831000,30/04/2025 12:00:00 AM,30/04/2025 3:30:31 AM,True,55,gps,68.6,30/04/2025 9:00:29 AM,373
498,79.90571,6.71205,2.5,1745983839000,30/04/2025 12:00:00 AM,30/04/2025 3:30:39 AM,True,55,gps,60.1,30/04/2025 9:00:37 AM,373
499,79.9058,6.7121,2.5,1745983847000,30/04/2025 12:00:00 AM,30/04/2025 3:30:47 AM,True,55,gps,50.9,30/04/2025 9:00:45 AM,373
500,79.90587,6.71216,2.5,1745983854000,30/04/2025 12:00:00 AM,30/04/2025 3:30:54 AM,True,55,gps,69.6,30/04/2025 9:00:52 AM,373
501,79.90596,6.7122,2.5,1745983862000,30/04/2025 12:00:00 AM,30/04/2025 3:31:02 AM,True,55,gps,51.9,30/04/2025 9:01:00 AM,373
502,79.90604,6.71226,4,1745983870000,30/04/2025 12:00:00 AM,30/04/2025 3:31:10 AM,True,55,gps,69.2,30/04/2025 9:01:08 AM,373
503,79.90613,6.71232,4,1745983893000,30/04/2025 12:00:00 AM,30/04/2025 3:31:33 AM,True,55,gps,65.8,30/04/2025 9:01:31 AM,373
504,79.9062,6.71239,4.5,1745983902000,30/04/2025 12:00:00 AM,30/04/2025 3:31:42 AM,True,55,gps,78.4,30/04/2025 9:01:40 AM,373
505,79.90628,6.71235,4.5,1745983913000,30/04/2025 12:00:00 AM,30/04/2025 3:31:53 AM,True,55,gps,158.6,30/04/2025 9:01:51 AM,373
506,79.90635,6.71229,4,1745983919000,30/04/2025 12:00:00 AM,30/04/2025 3:31:59 AM,True,55,gps,163.8,30/04/2025 9:01:57 AM,373
507,79.90643,6.71223,3.5,1745983929000,30/04/2025 12:00:00 AM,30/04/2025 3:32:09 AM,True,55,gps,155.1,30/04/2025 9:02:07 AM,373
508,79.90649,6.71216,3,1745983937000,30/04/2025 12:00:00 AM,30/04/2025 3:32:17 AM,True,55,gps,148.4,30/04/2025 9:02:15 AM,373
509,79.90656,6.71211,3,1745983944000,30/04/2025 12:00:00 AM,30/04/2025 3:32:24 AM,True,55,gps,128.1,30/04/2025 9:02:22 AM,373
510,79.90663,6.71203,3,1745983952000,30/04/2025 12:00:00 AM,30/04/2025 3:32:32 AM,True,55,gps,152.9,30/04/2025 9:02:30 AM,373
511,79.9067,6.71195,2.5,1745983959000,30/04/2025 12:00:00 AM,30/04/2025 3:32:39 AM,True,55,gps,147.5,30/04/2025 9:02:37 AM,373
512,79.90676,6.71187,3,1745983967000,30/04/2025 12:00:00 AM,30/04/2025 3:32:47 AM,True,55,gps,146.8,30/04/2025 9:02:45 AM,373
513,79.90681,6.71179,3.5,1745983974000,30/04/2025 12:00:00 AM,30/04/2025 3:32:54 AM,True,55,gps,147.2,30/04/2025 9:02:52 AM,373
514,79.90685,6.71171,3.5,1745983981000,30/04/2025 12:00:00 AM,30/04/2025 3:33:01 AM,True,55,gps,123.1,30/04/2025 9:02:59 AM,373
515,79.9069,6.71163,3,1745983989000,30/04/2025 12:00:00 AM,30/04/2025 3:33:09 AM,True,55,gps,220.8,30/04/2025 9:03:07 AM,373
516,79.90694,6.71155,2.5,1745983998000,30/04/2025 12:00:00 AM,30/04/2025 3:33:18 AM,True,55,gps,148.5,30/04/2025 9:03:16 AM,373
517,79.90698,6.71147,3,1745984005000,30/04/2025 12:00:00 AM,30/04/2025 3:33:25 AM,True,55,gps,140.6,30/04/2025 9:03:23 AM,373
518,79.90702,6.71138,4,1745984014000,30/04/2025 12:00:00 AM,30/04/2025 3:33:34 AM,True,55,gps,151.4,30/04/2025 9:03:32 AM,373
519,79.90704,6.71128,5,1745984022000,30/04/2025 12:00:00 AM,30/04/2025 3:33:42 AM,True,55,gps,122.3,30/04/2025 9:03:40 AM,373
520,79.90709,6.7112,2.5,1745984035000,30/04/2025 12:00:00 AM,30/04/2025 3:33:55 AM,True,55,gps,161,30/04/2025 9:03:53 AM,373
521,79.90713,6.71111,2.5,1745984040000,30/04/2025 12:00:00 AM,30/04/2025 3:34:00 AM,True,55,gps,141.4,30/04/2025 9:03:58 AM,373
522,79.90718,6.71104,3,1745984046000,30/04/2025 12:00:00 AM,30/04/2025 3:34:06 AM,True,55,gps,132.6,30/04/2025 9:04:04 AM,373
523,79.90722,6.71095,2.5,1745984053000,30/04/2025 12:00:00 AM,30/04/2025 3:34:13 AM,True,55,gps,164.9,30/04/2025 9:04:11 AM,373
524,79.90726,6.71085,2.5,1745984061000,30/04/2025 12:00:00 AM,30/04/2025 3:34:21 AM,True,55,gps,158.2,30/04/2025 9:04:19 AM,373
525,79.90729,6.71077,2,1745984067000,30/04/2025 12:00:00 AM,30/04/2025 3:34:27 AM,True,55,gps,156.5,30/04/2025 9:04:25 AM,373
526,79.90735,6.71069,2,1745984075000,30/04/2025 12:00:00 AM,30/04/2025 3:34:35 AM,True,55,gps,0,30/04/2025 9:04:33 AM,373
527,79.90738,6.7106,2,1745984085000,30/04/2025 12:00:00 AM,30/04/2025 3:34:45 AM,True,55,gps,157.6,30/04/2025 9:04:43 AM,373
528,79.90743,6.71051,2,1745984091000,30/04/2025 12:00:00 AM,30/04/2025 3:34:51 AM,True,55,gps,157,30/04/2025 9:04:49 AM,373
529,79.90747,6.71042,4.5,1745984096000,30/04/2025 12:00:00 AM,30/04/2025 3:34:56 AM,True,55,gps,137.1,30/04/2025 9:04:54 AM,373
530,79.90749,6.71033,4,1745984107000,30/04/2025 12:00:00 AM,30/04/2025 3:35:07 AM,True,55,gps,154.1,30/04/2025 9:05:05 AM,373
531,79.90752,6.71023,3,1745984115000,30/04/2025 12:00:00 AM,30/04/2025 3:35:15 AM,True,55,gps,157.5,30/04/2025 9:05:13 AM,373
532,79.90756,6.71013,3,1745984123000,30/04/2025 12:00:00 AM,30/04/2025 3:35:23 AM,True,55,gps,154.9,30/04/2025 9:05:21 AM,373
533,79.90758,6.71004,2.5,1745984130000,30/04/2025 12:00:00 AM,30/04/2025 3:35:30 AM,True,55,gps,161.4,30/04/2025 9:05:28 AM,373
534,79.90763,6.70995,2.5,1745984140000,30/04/2025 12:00:00 AM,30/04/2025 3:35:40 AM,True,55,gps,150.7,30/04/2025 9:05:38 AM,373
535,79.90767,6.70985,2,1745984151000,30/04/2025 12:00:00 AM,30/04/2025 3:35:51 AM,True,55,gps,150,30/04/2025 9:05:49 AM,373
536,79.90769,6.70976,2.5,1745984157000,30/04/2025 12:00:00 AM,30/04/2025 3:35:57 AM,True,55,gps,151.4,30/04/2025 9:05:55 AM,373
537,79.90772,6.70967,3,1745984170000,30/04/2025 12:00:00 AM,30/04/2025 3:36:10 AM,True,55,gps,143.4,30/04/2025 9:06:08 AM,373
538,79.90772,6.70956,5.5,1745984177000,30/04/2025 12:00:00 AM,30/04/2025 3:36:17 AM,True,55,gps,233.5,30/04/2025 9:06:15 AM,373
539,79.90755,6.70904,200,1745984200927,30/04/2025 12:00:00 AM,30/04/2025 3:36:41 AM,True,55,network,0,30/04/2025 9:06:42 AM,373
540,79.90762,6.70955,24,1745984208000,30/04/2025 12:00:00 AM,30/04/2025 3:36:48 AM,True,55,gps,280.3,30/04/2025 9:06:46 AM,373
541,79.9076,6.7095,35.5,1745984214893,30/04/2025 12:00:00 AM,30/04/2025 3:36:55 AM,True,55,gps,192.2,30/04/2025 9:06:53 AM,373
542,79.90767,6.70943,11,1745984234000,30/04/2025 12:00:00 AM,30/04/2025 3:37:14 AM,True,55,gps,81.8,30/04/2025 9:07:12 AM,373
543,79.9058,6.70867,200,1745984262258,30/04/2025 12:00:00 AM,30/04/2025 3:37:42 AM,True,55,network,0,30/04/2025 9:07:43 AM,373
544,79.90755,6.70904,200,1745984282287,30/04/2025 12:00:00 AM,30/04/2025 3:38:02 AM,True,55,network,0,30/04/2025 9:08:03 AM,373
545,80.0373,6.27274,60,1745984423818,30/04/2025 12:00:00 AM,30/04/2025 3:40:24 AM,True,55,network,0,30/04/2025 9:10:23 AM,373
546,79.90755,6.70904,200,1745984442611,30/04/2025 12:00:00 AM,30/04/2025 3:40:43 AM,True,55,network,0,30/04/2025 9:10:43 AM,373
547,80.0373,6.27274,77.6,1745984463768,30/04/2025 12:00:00 AM,30/04/2025 3:41:04 AM,True,55,network,0,30/04/2025 9:11:03 AM,373
548,79.90755,6.70904,200,1745984482725,30/04/2025 12:00:00 AM,30/04/2025 3:41:23 AM,True,55,network,0,30/04/2025 9:11:24 AM,373
549,80.0373,6.27274,82.5,1745984544042,30/04/2025 12:00:00 AM,30/04/2025 3:42:24 AM,True,55,network,0,30/04/2025 9:12:24 AM,373
550,80.0373,6.27274,103.463,1745984569316,30/04/2025 12:00:00 AM,30/04/2025 3:42:49 AM,True,55,network,0,30/04/2025 9:12:49 AM,373
551,79.90773,6.70941,4.5,1745984573802,30/04/2025 12:00:00 AM,30/04/2025 3:42:54 AM,True,55,gps,113.9,30/04/2025 9:12:52 AM,373
552,80.0373,6.27274,68.4,1745984645619,30/04/2025 12:00:00 AM,30/04/2025 3:44:06 AM,True,55,network,0,30/04/2025 9:14:05 AM,373
553,79.90755,6.70904,200,1745984664534,30/04/2025 12:00:00 AM,30/04/2025 3:44:25 AM,True,55,network,0,30/04/2025 9:14:25 AM,373
554,80.0373,6.27274,68.4,1745984705752,30/04/2025 12:00:00 AM,30/04/2025 3:45:06 AM,True,55,network,0,30/04/2025 9:15:05 AM,373
555,79.90755,6.70904,200,1745984724682,30/04/2025 12:00:00 AM,30/04/2025 3:45:25 AM,True,55,network,0,30/04/2025 9:15:26 AM,373
556,80.0373,6.27274,77.6,1745984785926,30/04/2025 12:00:00 AM,30/04/2025 3:46:26 AM,True,55,network,0,30/04/2025 9:16:26 AM,373
557,79.90755,6.70904,200,1745984804826,30/04/2025 12:00:00 AM,30/04/2025 3:46:45 AM,True,55,network,0,30/04/2025 9:16:46 AM,373
558,80.0373,6.27274,82.5,1745984866194,30/04/2025 12:00:00 AM,30/04/2025 3:47:46 AM,True,55,network,0,30/04/2025 9:17:46 AM,373
559,79.90755,6.70904,200,1745984884989,30/04/2025 12:00:00 AM,30/04/2025 3:48:05 AM,True,55,network,0,30/04/2025 9:18:06 AM,373
560,79.90766,6.70947,4.5,1745984892000,30/04/2025 12:00:00 AM,30/04/2025 3:48:12 AM,True,55,gps,16.7,30/04/2025 9:18:10 AM,373
561,79.90768,6.70941,5,1745984933811,30/04/2025 12:00:00 AM,30/04/2025 3:48:54 AM,True,55,gps,311.1,30/04/2025 9:18:52 AM,373
562,79.90755,6.70904,200,1745985006354,30/04/2025 12:00:00 AM,30/04/2025 3:50:06 AM,True,55,network,0,30/04/2025 9:20:07 AM,373
563,80.0373,6.27274,64.1,1745985027676,30/04/2025 12:00:00 AM,30/04/2025 3:50:28 AM,True,55,network,0,30/04/2025 9:20:27 AM,373
564,79.90755,6.70904,200,1745985046380,30/04/2025 12:00:00 AM,30/04/2025 3:50:46 AM,True,55,network,0,30/04/2025 9:20:47 AM,373
565,80.0373,6.27274,68.4,1745985067569,30/04/2025 12:00:00 AM,30/04/2025 3:51:08 AM,True,55,network,0,30/04/2025 9:21:07 AM,373
566,79.90755,6.70904,200,1745985086423,30/04/2025 12:00:00 AM,30/04/2025 3:51:26 AM,True,55,network,0,30/04/2025 9:21:27 AM,373
567,80.0373,6.27274,68.4,1745985127674,30/04/2025 12:00:00 AM,30/04/2025 3:52:08 AM,True,55,network,0,30/04/2025 9:22:07 AM,373
568,79.90755,6.70904,200,1745985146494,30/04/2025 12:00:00 AM,30/04/2025 3:52:26 AM,True,55,network,0,30/04/2025 9:22:27 AM,373
569,80.0373,6.27274,77.6,1745985167818,30/04/2025 12:00:00 AM,30/04/2025 3:52:48 AM,True,55,network,0,30/04/2025 9:22:47 AM,373
570,79.90755,6.70904,200,1745985226586,30/04/2025 12:00:00 AM,30/04/2025 3:53:47 AM,True,55,network,0,30/04/2025 9:23:47 AM,373
571,79.90755,6.70904,219.033,1745985289357,30/04/2025 12:00:00 AM,30/04/2025 3:54:49 AM,True,55,network,0,30/04/2025 9:24:49 AM,373
572,79.90768,6.70942,6,1745985294000,30/04/2025 12:00:00 AM,30/04/2025 3:54:54 AM,True,55,gps,282.1,30/04/2025 9:24:52 AM,373
573,79.90825,6.70839,100,1745985327851,30/04/2025 12:00:00 AM,30/04/2025 3:55:28 AM,True,55,network,0,30/04/2025 9:25:28 AM,373
574,80.03731,6.27274,24.9,1745985368686,30/04/2025 12:00:00 AM,30/04/2025 3:56:09 AM,True,55,network,0,30/04/2025 9:26:08 AM,373
575,79.9074,6.70943,18,1745985385000,30/04/2025 12:00:00 AM,30/04/2025 3:56:25 AM,True,55,gps,0,30/04/2025 9:26:23 AM,373
576,79.90749,6.70939,8,1745985404000,30/04/2025 12:00:00 AM,30/04/2025 3:56:44 AM,True,55,gps,266.9,30/04/2025 9:26:42 AM,373
577,79.90755,6.70936,309.268,1745985409370,30/04/2025 12:00:00 AM,30/04/2025 3:56:49 AM,True,55,network,0,30/04/2025 9:26:49 AM,373
578,79.90752,6.70937,23,1745985416000,30/04/2025 12:00:00 AM,30/04/2025 3:56:56 AM,True,55,gps,332.8,30/04/2025 9:26:54 AM,373
579,79.9058,6.70867,200,1745985449238,30/04/2025 12:00:00 AM,30/04/2025 3:57:29 AM,True,55,network,0,30/04/2025 9:27:29 AM,373
580,79.9076,6.70941,9.5,1745985458000,30/04/2025 12:00:00 AM,30/04/2025 3:57:38 AM,True,55,gps,0,30/04/2025 9:27:36 AM,373
581,79.90768,6.70947,11.872,1745985490139,30/04/2025 12:00:00 AM,30/04/2025 3:58:10 AM,True,55,network,0,30/04/2025 9:28:11 AM,373
582,79.90756,6.70933,7.5,1745985565000,30/04/2025 12:00:00 AM,30/04/2025 3:59:25 AM,True,55,gps,232.3,30/04/2025 9:29:23 AM,373
583,79.90747,6.70937,8.5,1745985567000,30/04/2025 12:00:00 AM,30/04/2025 3:59:27 AM,True,55,gps,292.7,30/04/2025 9:29:25 AM,373
584,79.90756,6.70938,7.5,1745985624000,30/04/2025 12:00:00 AM,30/04/2025 4:00:24 AM,True,55,gps,359.9,30/04/2025 9:30:22 AM,373
585,79.90765,6.70935,7,1745985674000,30/04/2025 12:00:00 AM,30/04/2025 4:01:14 AM,True,55,gps,124.9,30/04/2025 9:31:12 AM,373
586,79.90764,6.70936,10.5,1745985713970,30/04/2025 12:00:00 AM,30/04/2025 4:01:54 AM,True,55,gps,350.9,30/04/2025 9:31:52 AM,373
587,79.90755,6.70938,8,1745985730000,30/04/2025 12:00:00 AM,30/04/2025 4:02:10 AM,True,55,gps,295.8,30/04/2025 9:32:08 AM,373
588,79.90745,6.70936,8.5,1745985811000,30/04/2025 12:00:00 AM,30/04/2025 4:03:31 AM,True,55,gps,313.5,30/04/2025 9:33:28 AM,373
589,79.90734,6.7093,9,1745985878000,30/04/2025 12:00:00 AM,30/04/2025 4:04:38 AM,True,55,gps,253.1,30/04/2025 9:34:36 AM,373
590,79.90743,6.70932,8,1745985917000,30/04/2025 12:00:00 AM,30/04/2025 4:05:17 AM,True,55,gps,284.7,30/04/2025 9:35:15 AM,373
591,79.90751,6.70938,8,1745985924000,30/04/2025 12:00:00 AM,30/04/2025 4:05:24 AM,True,55,gps,86.8,30/04/2025 9:35:22 AM,373
592,79.90753,6.70929,9.5,1745985966000,30/04/2025 12:00:00 AM,30/04/2025 4:06:06 AM,True,55,gps,129,30/04/2025 9:36:04 AM,373
593,79.9075,6.70938,9,1745985980000,30/04/2025 12:00:00 AM,30/04/2025 4:06:20 AM,True,55,gps,274,30/04/2025 9:36:18 AM,373
594,79.90748,6.70941,20,1745986016000,30/04/2025 12:00:00 AM,30/04/2025 4:06:56 AM,True,55,gps,267.5,30/04/2025 9:36:54 AM,373
595,79.90742,6.70934,11,1745986086000,30/04/2025 12:00:00 AM,30/04/2025 4:08:06 AM,True,55,gps,255.5,30/04/2025 9:38:04 AM,373
596,79.90743,6.70925,11.5,1745986097000,30/04/2025 12:00:00 AM,30/04/2025 4:08:17 AM,True,55,gps,165,30/04/2025 9:38:15 AM,373
597,79.90751,6.70921,11,1745986129000,30/04/2025 12:00:00 AM,30/04/2025 4:08:49 AM,True,55,gps,178.7,30/04/2025 9:38:47 AM,373
598,79.90743,6.70927,11,1745986154000,30/04/2025 12:00:00 AM,30/04/2025 4:09:14 AM,True,55,gps,269.3,30/04/2025 9:39:12 AM,373
599,79.90749,6.70935,13,1745986212000,30/04/2025 12:00:00 AM,30/04/2025 4:10:12 AM,True,55,gps,277.2,30/04/2025 9:40:10 AM,373
600,79.90744,6.70927,11.5,1745986239000,30/04/2025 12:00:00 AM,30/04/2025 4:10:39 AM,True,55,gps,212.4,30/04/2025 9:40:37 AM,373
601,79.90734,6.70928,11,1745986304000,30/04/2025 12:00:00 AM,30/04/2025 4:11:44 AM,True,55,gps,296.1,30/04/2025 9:41:42 AM,373
602,79.90737,6.70934,34,1745986315539,30/04/2025 12:00:00 AM,30/04/2025 4:11:56 AM,True,55,gps,210.7,30/04/2025 9:41:53 AM,373
603,79.90768,6.70946,13.768,1745986314309,30/04/2025 12:00:00 AM,30/04/2025 4:11:54 AM,True,55,network,0,30/04/2025 9:41:54 AM,373
604,79.90756,6.70947,14.5,1745986330000,30/04/2025 12:00:00 AM,30/04/2025 4:12:10 AM,True,55,gps,310.6,30/04/2025 9:42:08 AM,373
605,79.90747,6.70939,14,1745986374000,30/04/2025 12:00:00 AM,30/04/2025 4:12:54 AM,True,55,gps,218.4,30/04/2025 9:42:52 AM,373
606,79.90741,6.70933,16,1745986432000,30/04/2025 12:00:00 AM,30/04/2025 4:13:52 AM,True,55,gps,249.5,30/04/2025 9:43:50 AM,373
607,79.90742,6.70924,16,1745986443000,30/04/2025 12:00:00 AM,30/04/2025 4:14:03 AM,True,55,gps,236.7,30/04/2025 9:44:01 AM,373
608,79.90752,6.70923,15,1745986474000,30/04/2025 12:00:00 AM,30/04/2025 4:14:34 AM,True,55,gps,85.2,30/04/2025 9:44:32 AM,373
609,79.90743,6.70917,13,1745986503000,30/04/2025 12:00:00 AM,30/04/2025 4:15:03 AM,True,55,gps,211.7,30/04/2025 9:45:01 AM,373
610,79.90748,6.70925,11.5,1745986529000,30/04/2025 12:00:00 AM,30/04/2025 4:15:29 AM,True,55,gps,49.3,30/04/2025 9:45:26 AM,373
611,79.90756,6.7093,11.5,1745986545000,30/04/2025 12:00:00 AM,30/04/2025 4:15:45 AM,True,55,gps,72.8,30/04/2025 9:45:43 AM,373
612,79.90757,6.7094,9,1745986579000,30/04/2025 12:00:00 AM,30/04/2025 4:16:19 AM,True,55,gps,0,30/04/2025 9:46:17 AM,373
613,79.90748,6.70935,9,1745986595000,30/04/2025 12:00:00 AM,30/04/2025 4:16:35 AM,True,55,gps,239.3,30/04/2025 9:46:33 AM,373
614,79.90739,6.70934,9,1745986604000,30/04/2025 12:00:00 AM,30/04/2025 4:16:44 AM,True,55,gps,248.4,30/04/2025 9:46:42 AM,373
615,79.90736,6.70928,13,1745986614050,30/04/2025 12:00:00 AM,30/04/2025 4:16:54 AM,True,55,gps,174.6,30/04/2025 9:46:52 AM,373
616,79.90743,6.70935,10,1745986619000,30/04/2025 12:00:00 AM,30/04/2025 4:16:59 AM,True,55,gps,284.2,30/04/2025 9:46:57 AM,373
617,79.90738,6.70943,9,1745986665000,30/04/2025 12:00:00 AM,30/04/2025 4:17:45 AM,True,55,gps,317.6,30/04/2025 9:47:43 AM,373
618,79.90743,6.70933,8,1745986708000,30/04/2025 12:00:00 AM,30/04/2025 4:18:28 AM,True,55,gps,197.8,30/04/2025 9:48:26 AM,373
619,79.90752,6.70937,8,1745986720000,30/04/2025 12:00:00 AM,30/04/2025 4:18:40 AM,True,55,gps,343,30/04/2025 9:48:38 AM,373
620,79.90754,6.70927,7,1745986807000,30/04/2025 12:00:00 AM,30/04/2025 4:20:07 AM,True,55,gps,177.1,30/04/2025 9:50:05 AM,373
621,79.90744,6.70925,9,1745986893000,30/04/2025 12:00:00 AM,30/04/2025 4:21:33 AM,True,55,gps,225.3,30/04/2025 9:51:31 AM,373
622,79.90754,6.70921,12,1745986913942,30/04/2025 12:00:00 AM,30/04/2025 4:21:54 AM,True,55,gps,133.5,30/04/2025 9:51:52 AM,373
623,79.90758,6.70931,11,1745986920000,30/04/2025 12:00:00 AM,30/04/2025 4:22:00 AM,True,55,gps,24.8,30/04/2025 9:51:58 AM,373
624,79.90764,6.70937,10.5,1745986928000,30/04/2025 12:00:00 AM,30/04/2025 4:22:08 AM,True,55,gps,76.5,30/04/2025 9:52:06 AM,373
625,79.90754,6.70933,11.5,1745986934000,30/04/2025 12:00:00 AM,30/04/2025 4:22:14 AM,True,55,gps,258.3,30/04/2025 9:52:12 AM,373
626,79.90751,6.70941,9.5,1745986959000,30/04/2025 12:00:00 AM,30/04/2025 4:22:39 AM,True,55,gps,310,30/04/2025 9:52:37 AM,373
627,79.90756,6.7095,10,1745986989000,30/04/2025 12:00:00 AM,30/04/2025 4:23:09 AM,True,55,gps,340,30/04/2025 9:53:07 AM,373
628,79.90747,6.70945,8.5,1745987045000,30/04/2025 12:00:00 AM,30/04/2025 4:24:05 AM,True,55,gps,213.6,30/04/2025 9:54:03 AM,373
629,79.90738,6.70939,8.5,1745987053000,30/04/2025 12:00:00 AM,30/04/2025 4:24:13 AM,True,55,gps,237.3,30/04/2025 9:54:11 AM,373
630,79.90739,6.70929,9.5,1745987116000,30/04/2025 12:00:00 AM,30/04/2025 4:25:16 AM,True,55,gps,203.6,30/04/2025 9:55:14 AM,373
631,79.90751,6.70936,21.5,1745987121000,30/04/2025 12:00:00 AM,30/04/2025 4:25:21 AM,True,55,gps,93.9,30/04/2025 9:55:19 AM,373
632,79.90765,6.70941,23.5,1745987123000,30/04/2025 12:00:00 AM,30/04/2025 4:25:23 AM,True,55,gps,58.2,30/04/2025 9:55:21 AM,373
633,79.90776,6.70948,26,1745987125000,30/04/2025 12:00:00 AM,30/04/2025 4:25:25 AM,True,55,gps,31.5,30/04/2025 9:55:23 AM,373
634,79.90782,6.70957,30.5,1745987128000,30/04/2025 12:00:00 AM,30/04/2025 4:25:28 AM,True,55,gps,3.7,30/04/2025 9:55:26 AM,373
635,79.90772,6.70966,33.5,1745987130000,30/04/2025 12:00:00 AM,30/04/2025 4:25:30 AM,True,55,gps,341,30/04/2025 9:55:28 AM,373
636,79.90756,6.70975,34,1745987137000,30/04/2025 12:00:00 AM,30/04/2025 4:25:37 AM,True,55,gps,311.1,30/04/2025 9:55:35 AM,373
637,79.90764,6.7097,37,1745987139000,30/04/2025 12:00:00 AM,30/04/2025 4:25:39 AM,True,55,gps,338.5,30/04/2025 9:55:37 AM,373
